Product_Name,Review_Text,Sentiment
"Acer Aspire 3 Intel Core i3 12th Gen 1215U - (8 GB/512 GB SSD/Windows 11 Home) A324-51 Thin and Light Laptop  (14 Inch, Steel Gray, 1.45 Kg)","Great product, totally satisfied with the quality.",Positive
"Samsung Galaxy Book4 Edge Series Copilot AI-PC Full Metal Chasis Qualcomm Snapdragon X - (16 GB/512 GB SSD/Windows 11 Home) NP750XQB-KA1IN Thin and Light Laptop  (15.6 inch, Sapphire Blue, 1.55 Kg, With MS Office)","The item stopped working after a week, very disappointed.",Negative
"Samsung Galaxy Book5 AI Metal Intel Core Ultra 5 225U - (16 GB/512 GB SSD/Windows 11 Home) NP750XHD Thin and Light Laptop  (15.6 inch, Gray, 1.55 Kg, With MS Office)","Average build quality, but does the job.",Neutral
"Acer Aspire 3 Intel Celeron Dual Core - (8 GB/512 GB SSD/Windows 11 Home) A311-45 Thin and Light Laptop  (11.6 inch, Steel Grey, 1.0 kg)","Fast delivery and well-packed, loved it.",Positive
"Acer Aspire 3 Intel Celeron Dual Core N4500 - (8 GB/256 GB SSD/Windows 11 Home) A325-45 Thin and Light Laptop  (15.6 Inch, Steel Grey, 1.50 Kg)","Poor battery life, not worth the price.",Negative
"DELL 15 AMD Ryzen 5 Hexa Core 7530U - (16 GB/512 GB SSD/Windows 11 Home) 3535 Thin and Light Laptop  (15.6 Inch, Platinum Silver, 1.67 Kg, With MS Office)","Exceeded my expectations, highly recommend!",Positive
"HP Laptop Intel Core i3 13th Gen 1315U - (8 GB/512 GB SSD/Windows 11 Home) 15-fd0129TU / 15-fd0568TU Thin and Light Laptop  (15.6 inch, Natural Silver, 1.59 kg, With MS Office)","Bad packaging, item was slightly damaged.",Negative
"DELL 15 AMD Ryzen 3 Quad Core 7320U - (8 GB/512 GB SSD/Windows 11 Home) Inspiron 3535 / 15 DC 15255 Thin and Light Laptop  (15.6 inch, Carbon Black, 1.67 kg, With MS Office)","Superb quality, feels premium.",Positive
"Samsung Galaxy Book4 Metal Intel Core i5 13th Gen 1335U - (16 GB/512 GB SSD/Windows 11 Home) NP750XGJ-KG2IN / NP750XGJ-LG2IN Thin and Light Laptop  (15.6 Inch, Gray, 1.55 Kg, With MS Office)","Not as described, I want a refund.",Positive
"Acer Aspire 7 Intel Core i5 13th Gen 13420H - (16 GB/512 GB SSD/Windows 11 Home/6 GB Graphics/NVIDIA GeForce RTX 3050) A715-79G Gaming Laptop  (15.6 Inch, Black, 1.99 Kg)","Works perfectly fine, happy with the purchase.",Positive
"Acer Aspire 3 Intel Celeron Dual Core - (8 GB/128 GB SSD/Windows 11 Home) A311-45 Thin and Light Laptop  (11.6 inch, Steel Grey, 1.0 kg)","Terrible performance, keeps lagging.",Negative
"Samsung Galaxy Book4 Metal Intel Core i7 13th Gen 1355U - (16 GB/512 GB SSD/Windows 11 Home) NP750XGJ-KG3IN / NP750XGJ-LG3IN / NP750XGJ-LG8IN Thin and Light Laptop  (15.6 Inch, Gray, 1.55 Kg, With MS Office)","Value for money, decent performance.",Positive
"ASUS Expertbook P1 Intel Core i3 13th Gen 1315U - (16 GB/512 GB SSD/Windows 11 Home) P1403CVA-S60938WS Thin and Light Laptop  (14 inch, Misty Grey, 1.4 Kg, With MS Office)","Sound quality is amazing, bass is strong.",Positive
"ASUS Expertbook P1 High-performance processor Intel Core i5 13th Gen 13420H - (16 GB/512 GB SSD/Windows 11 Home) P1503CVA-S70611WS Thin and Light Laptop  (15.6 inch, Misty Grey, 1.65 Kg, With MS Office)",Screen brightness is too low.,Positive
"ASUS Expertbook P1 High-performance processor Intel Core i7 13th Gen 13620H - (32 GB/512 GB SSD/Windows 11 Home) P1403CVA-S60940WS Thin and Light Laptop  (14 inch, Misty Grey, 1.42 Kg, With MS Office)",Very lightweight and comfortable to use.,Positive
"Lenovo Chromebook MediaTek Kompanio 520 - (4 GB/128 GB EMMC Storage/Chrome OS) 14M868 Chromebook  (14 Inch, Abyss Blue, 1.3 Kg)",Heating issue after 10 minutes of usage.,Neutral
"Acer Chromebook Intel Celeron Dual Core N4500 - (8 GB/128 GB EMMC Storage/Chrome OS) CB314-3H-C5QE/ CB314-3H-C0BZ Chromebook  (15.6 inch, Silver, 1.45 Kg)",Affordable and reliable product.,Neutral
"Acer Aspire 3 Intel Core i3 12th Gen 1215U - (8 GB/256 GB SSD/Windows 11 Home) A324-51 Thin and Light Laptop  (14 Inch, Steel Gray, 1.45 Kg)",Camera quality could be better.,Positive
"Acer Aspire 3 Backlit AMD Ryzen 7 Octa Core 7730U - (16 GB/512 GB SSD/Windows 11 Home) Aspire AS15 - 42 Thin and Light Laptop  (15.6 Inch, Silver, 1.79 Kg)","Extremely durable, survived multiple drops!",Positive
"Acer Aspire 3 Intel Core i3 13th Gen 1305U - (16 GB/512 GB SSD/Windows 11 Home) A324-53 Thin and Light Laptop  (14 Inch, Steel Gray, 1.45 Kg)","Do not buy this product, complete waste.",Negative
"Lenovo IdeaPad Slim 3 Intel Core i5 12th Gen 12450H - (16 GB/512 GB SSD/Windows 11 Home) 83ER00KSIN Thin and Light Laptop  (15.6 inch, Arctic Grey, With MS Office)",The delivery was delayed by 3 days.,Negative
"Acer Nitro V AMD Ryzen 5 Hexa Core 6600H - (16 GB/512 GB SSD/Windows 11 Home/6 GB Graphics/NVIDIA GeForce RTX 3050) ANV15-41-R8G0 Gaming Laptop  (16 inch, Obsidian Black, 2.1 Kg)",Customer support was very helpful.,Positive
"Samsung Galaxy Book4 Metal Intel Core i3 13th Gen 1315U - (8 GB/512 GB SSD/Windows 11 Home) NP750XGJ-LG9IN Thin and Light Laptop  (15.6 Inch, Gray, 1.55 Kg, With MS Office)","Love this color and texture, looks premium.",Positive
"Lenovo 100e Chromebook Gen 4 MediaTek Kompanio 520 - (8 GB/64 GB EMMC Storage/Chrome OS) 100e Chromebook Gen 4 Chromebook  (11.6 inch, Graphite Grey, 1.23 Kg)",The cable stopped charging after one month.,Negative
"ASUS Expertbook P1 Intel Core i3 13th Gen 1315U - (16 GB/512 GB SSD/Windows 11 Home) P1403CVA-S60938WS Thin and Light Laptop  (14 inch, Misty Grey, 1.4 Kg, With MS Office)","Battery lasts the whole day, very impressed.",Positive
"POCO C71 (Cool Blue, 128 GB)  (6 GB RAM)","Felt cheap, material quality is poor.",Negative
Rastic SM Guru Music 2 Mobile Phone  (White),"Received a used product, very upset.",Negative
"POCO C71 (Desert Gold, 64 GB)  (4 GB RAM)","Smooth UI, apps run perfectly.",Positive
"MOTOROLA Edge 60 Pro (Pantone Shadow, 256 GB)  (12 GB RAM)","Overheats quickly, bad experience.",Negative
"REDMI Note 14 SE 5G (Crimson Art, 128 GB)  (6 GB RAM)",Very sturdy and well-built.,Neutral
"REDMI Note 14 SE 5G (Titan Black, 128 GB)  (6 GB RAM)",Returned the product due to defects.,Negative
"Moto g67 power 5G (Pantone Parachute, 128 GB)  (8 GB RAM)",Looks stylish and modern.,Neutral
"POCO C71 (Power Black, 128 GB)  (6 GB RAM)",Low brightness and poor visibility outdoors.,Negative
"Moto g06 power (Tapestry, 64 GB)  (4 GB RAM)",Touchscreen is very responsive.,Positive
"POCO M7 5G (Mint Green, 128 GB)  (8 GB RAM)","Charger is faulty, not working.",Negative
"POCO M7 Pro 5G (Lavender Frost, 128 GB)  (6 GB RAM)",Performance is average for the price.,Neutral
"POCO C75 5G (Enchanted Green, 64 GB)  (4 GB RAM)","Super fast charging, very convenient.",Positive
"Moto g06 power (Pantone Tendril, 64 GB)  (4 GB RAM)",Internal storage is too low.,Negative
"POCO C71 (Desert Gold, 128 GB)  (6 GB RAM)",Buttons feel flimsy and weak.,Negative
"vivo T4 Lite 5G Charger in the Box (Titanium Gold, 256 GB)  (8 GB RAM)",The speaker is loud and clear.,Positive
"Moto g67 power 5G (Pantone Curacao Blue, 128 GB)  (8 GB RAM)",Not worth the hype.,Negative
"realme P4 5G (Engine Blue, 128 GB)  (6 GB RAM)",Perfect for daily use.,Positive
"Moto g67 power 5G (Pantone Cilantro, 128 GB)  (8 GB RAM)",The product feels cheap and fragile.,Neutral
"realme C71 (Sea Blue, 128 GB)  (6 GB RAM)",Excellent battery backup!,Positive
"POCO M7 5G (Mint Green, 128 GB)  (6 GB RAM)",Delivered in perfect condition.,Positive
"OPPO K13x 5G 6000mAh and 45W SUPERVOOC Charger & AI (Sunset Peach, 128 GB)  (4 GB RAM)","The box was opened already, suspicious.",Negative
"REDMI Note 14 SE 5G (Mystique White, 128 GB)  (6 GB RAM)",Good product but overpriced.,Positive
"POCO M7 Pro 5G (Lavender Frost, 256 GB)  (8 GB RAM)",Camera is sharp and detailed.,Neutral
"realme Narzo 80 Lite 5G (Crystal Purple, 128 GB)  (6 GB RAM)","Cannot connect to WiFi, very annoying.",Negative
"POCO M7 Pro 5G (Lavender Frost, 256 GB)  (8 GB RAM)",Works fine but build quality is bad.,Negative
REDMI  Pad SE 8 GB RAM 128 GB ROM 11.0 inch with Wi-Fi Only Tablet (Lavender Purple),The design is sleek and minimal.,Neutral
MOTOROLA Pad 60 Neo 8 GB RAM 128 GB ROM 11 inch with Wi-Fi+5G Tablet (PANTONE Bronze Green),Software updates improved performance.,Positive
REDMI  Pad Pro 5G 8 GB RAM 128 GB ROM 12.1 inch with Wi-Fi+5G Tablet (Graphite Grey),Display clarity is excellent.,Positive
REDMI  Pad SE 4 GB RAM 128 GB ROM 11.0 inch with Wi-Fi Only Tablet (Mint Green),Received a wrong color item.,Negative
REDMI  Pad SE 8 GB RAM 128 GB ROM 11.0 inch with Wi-Fi Only Tablet (Graphite Gray),Very smooth multitasking experience.,Neutral
realme Pad 2 6 GB RAM 128 GB ROM 11.5 inch with 4G Tablet (Inspiration Green),Heating issues persist even after update.,Neutral
OnePlus Pad Lite 6 GB RAM 128 GB ROM 11.0 inch with Wi-Fi Only Tablet (Aero Blue),Keyboard keys feel very soft and nice.,Positive
Infinix XPAD LTE 4 GB RAM 128 GB ROM 11.0 inch with 4G Tablet (Frost Blue),Mouse stopped working randomly.,Negative
MOTOROLA Pad 60 Pro 8 GB RAM 128 GB ROM 12.7 inch with Wi-Fi Only Gaming Tablet (PANTONE Bronze Green),"Loud fan noise, not recommended.",Positive
POCO Pad 5G 8 GB RAM 128 GB ROM 12.1 inch with Wi-Fi+5G Tablet (Cobalt Blue),Touchpad is very smooth and accurate.,Neutral
Lenovo Tab P12 8 GB RAM 256 GB ROM 12.7 Inch with Wi-Fi Only Tablet (Storm Grey),Really good for online classes.,Positive
REDMI Pad 2 8 GB RAM 256 GB ROM 11.0 inch with Wi-Fi+4G Gaming Tablet (Graphite Grey),"Poor battery + slow performance, worst combo.",Negative
realme Pad 2 6 GB RAM 128 GB ROM 11.5 inch with 4G Tablet (Imagination Grey),Fantastic performance for gaming!,Positive
Samsung Galaxy Tab S9 FE 6 GB RAM 128 GB ROM 10.9 inch with Wi-Fi Only Tablet (Gray),Not suitable for heavy usage.,Neutral
REDMI  Pad SE 6 GB RAM 128 GB ROM 11.0 inch with Wi-Fi Only Tablet (Graphite Gray),Camera produces grainy images.,Neutral
REDMI Pad 2 4 GB RAM 128 GB ROM 11.0 inch with Wi-Fi Only Gaming Tablet (Sky Blue),Typing experience is excellent.,Positive
OnePlus Pad Go 8 GB RAM 128 GB ROM 11.35 inch with Wi-Fi Only Tablet (Twin Mint),Unboxing experience was great!,Positive
OnePlus Pad Lite 8 GB RAM 128 GB ROM 11.0 inch with Wi-Fi+4G Tablet (Aero Blue),"Fake product, don’t buy from this seller.",Negative
Samsung Galaxy Tab S9 FE+ 8 GB RAM 128 GB ROM 12.4 Inch with Wi-Fi Only Tablet (Mint),Very impressed with the speed.,Positive
REDMI Pad 2 8 GB RAM 256 GB ROM 11.0 inch with Wi-Fi+4G Gaming Tablet (Sky Blue),Low storage but works well.,Positive
REDMI  Pad Pro 6 GB RAM 128 GB ROM 12.1 inch with Wi-Fi Only Tablet (Graphite Grey),Speakers crackle at high volume.,Neutral
POCO Pad 5G 8 GB RAM 128 GB ROM 12.1 inch with Wi-Fi+5G Tablet (Pistachio Green),Very comfortable to hold.,Positive
realme Pad 2 Lite 4 GB RAM 128 GB ROM 10.95 inch with 4G Tablet (Nebula Purple),Feels solid and durable.,Positive
OnePlus Pad Go 8 GB RAM 256 GB ROM 11.35 inch with 4G Tablet (Twin Mint),Charger heats up a lot.,Neutral
Infinix XPAD LTE 4 GB RAM 128 GB ROM 11.0 inch with 4G Tablet (Frost Blue),Excellent value for money.,Positive
"TRIGGR Trinity 2 with Dual Pairing, ENC, Fast Charge, 50H Battery, Rubber Finish, v5.3 Bluetooth  (Jungle Green, On the Ear)",Perfect gift for friends.,Positive
"GOBOULT Fluid X 60H Battery, 40mm Drivers, Foldable design, ENC Mic, Gaming Mode, 5.4v Bluetooth & Wired  (White, On the Ear)",Screen cracked within 2 days.,Neutral
"Worricow Lastest Wireless Headphone & Mic HD Bass Clear Sound Bluetooth Gaming Headset Bluetooth  (Blue, On the Ear)","Good sound, mediocre battery.",Positive
"Techpunch COMFORTABLE EAR PADS WIRELESS HEADPHONE WITH AUX SUPPORT COMPATIBLE DEVICE. Bluetooth & Wired  (White, On the Ear)",Bluetooth range is very poor.,Negative
"boAt Rockerz 412, 60H Battery,40ms Latency,ENx, Stream Ad Free Music via App Bluetooth  (Active Black, On the Ear)",Microphone quality is clear.,Positive
"GOBOULT (previously Boult) Q 70Hrs Battery, ENC Mic, 40mm Boosted Drivers, 4 EQ Modes Bluetooth & Wired  (Powder Blue, On the Ear)",Stopped working suddenly.,Negative
"ZEBRONICS Zeb- Thunder, With 60H Backup, BT v5.3, Gaming Mode, ENC, AUX, mSD, Dual Pairing Bluetooth  (Black, On the Ear)",Gaming performance is decent.,Neutral
"AIZINA High-Quality Bluetooth Headset with Microphone for Clear Sound._SF Bluetooth & Wired  (Black, On the Ear)",Not happy with the product at all.,Negative
"YAROH SH12 Premium (Bluetooth Headset) with Noise Cancelation Technology_LLL431 Bluetooth  (Multicolor, On the Ear)",Love the minimalistic look.,Positive
"Pharaoh P9 Wireless Bluetooth Headphones Over Ear With Noise Reduction A6 Bluetooth Gaming  (Multicolor, On the Ear)",Great for beginners.,Positive
"boAt Rockerz 430, 40ms Latency, 40H Battery, Stream Ad Free Music via App, Bluetooth  (Iris Black, On the Ear)",Terrible for multitasking.,Negative
"TRIGGR Trinity 2 with Dual Pairing, ENC, Fast Charge, 50H Battery, Rubber Finish, v5.3 Bluetooth  (Bordeaux Maroon, On the Ear)",Camera performs well in daylight.,Positive
"ZEBRONICS Thunder, With 60H Backup, BT v5.3, Gaming Mode, ENC, AUX, mSD, Dual Pairing Bluetooth  (Sea Green, On the Ear)",Build quality feels premium.,Neutral
"house of common Foldable Wireless Bass Wave Bass Channel_P5 Bluetooth & Wired  (Black, On the Ear)",Looks good but performs badly.,Negative
"boAt BassHeads 900 Wired  (Carbon Black, On the Ear)",Smooth animations and transitions.,Neutral
"house of common Gaming Style Headphones with Mic, SD Card Slot, Long Battery_E6 Bluetooth & Wired  (Black, On the Ear)",Battery drains too fast.,Neutral
"TRIGGR Trinity 2 with Dual Pairing, ENC, Fast Charge, 50H Battery, Rubber Finish, v5.3 Bluetooth  (Shark Grey, On the Ear)",Fingerprint sensor is very fast.,Neutral
"GOBOULT Mustang Q 70Hrs Battery, ENC Mic, 40mm Bass Boosted Drivers, 4 EQ Modes, 5.4v Bluetooth & Wired  (Blue, On the Ear)",Hard to clean and maintain.,Positive
"Worricow Wireless Bluetooth Bluetooth  (Black, On the Ear)",Very accurate heart rate monitor.,Positive
"F FERONS Wireless Headphone BT 5.0 Over Ear Foldable with Built-in Mic SD Card Supported Bluetooth  (Mid Night Black, On the Ear)",Doesn’t track steps properly.,Neutral
"boAt 450 Pro with Upto 70 Hours Playback Bluetooth  (Hazel Beige, On the Ear)",Brilliant for movies and games.,Positive
"GOBOULT Anchor ANC Calling, 72H Battery, Dual Pairing, Foldable Built, 40mm Driver, 5.4v Bluetooth & Wired  (Pure Black, On the Ear)",Colors look washed out.,Neutral
"ZEBRONICS Zeb-Duke 1, Wireless Headphones, 34Hrs* Backup, AUX, Dual Pairing, 40mm Drivers Bluetooth  (Green, On the Ear)",Fantastic processor speed!,Positive
"boAt Rockerz 550, 50mm Drivers, 20 H Battery, Stream Ad Free Music via App Support Bluetooth  (Army Green, On the Ear)",Charger cable is too short.,Neutral
"boAt Rockerz 650 Pro(2025 Launch), Touch/Swipe Controls, Dolby Audio, 80 Hrs Battery Bluetooth  (Iris Black, On the Ear)",Good for office use.,Positive
"GOBOULT Drift+ 1.85"" ,BT Calling, 500Nits Brightness, 150+ Watchfaces Smartwatch  (Jet Black Strap, Free Size)",Buttons sometimes don’t respond.,Neutral
"Fire-Boltt Ninja Calling Pro Plus 46.5mm (1.83) Display Bluetooth, AI Voice Smartwatch  (Cinnamon Slate Strap, Free Size)",Very lightweight laptop.,Neutral
"Cellecor STEW 1.83"" BT Calling, 500 NITS, AI Voice Assistant,SPo2,HR, Split Screen Smartwatch  (Pink Strap, Free Size)",Audio output is very low.,Negative
"Cellecor 1.91"" HD Display | 600 NITS | BT-Calling | AI Voice | IP67 WaterResistant Smartwatch  (GARNISH/DARK GREY Strap, Free Size)",Display is bright and crisp.,Positive
"Cellecor HYPE 1.50"" HD IPS Display with 500 NITS | BT-Calling | VoiceAssistant Smartwatch  (Blue Strap, Free Size)",Body heats up quickly.,Neutral
"GOBOULT Drift BT Calling HD Display, 140+ Watchface, BT calling Smartwatch  (Sand Black Strap, Free Size)",Lag-free experience.,Neutral
"REPOINT Big Smart watch combo 10 in one Smartwatch  (Multicolour Strap, 42)",Storage fills up quickly.,Neutral
"Cellecor STEW 1.83"" BT Calling, 500 NITS, AI Voice Assistant,SPo2,HR, Split Screen Smartwatch  (Blue Strap, Free Size)",Build quality is average.,Neutral
"PunnkFunnk Edge-Lite | 1.99 "" Amoled Display | BT Calling | AI Voice | Music | Fitness Smartwatch  (Grey Strap, Regular Size)",Highly responsive performance.,Positive
"Cellecor HYPE 1.50"" HD IPS Display with 500 NITS | BT-Calling | VoiceAssistant Smartwatch  (Black Strap, Free Size)",Battery backup is terrible.,Negative
"Fire-Boltt Hurricane 33.02mm (1.3) Curved Glass Display with BT Calling, 100+ Sports Modes Smartwatch  (Grey Strap, Free Size)",Product arrived dirty.,Negative
"boAt Storm Call 3 Plus w/ Turn by Turn Navigation, QR Tray, 49.7cm(1.96"") HD Display Smartwatch  (Dark Blue Strap, Free Size)",Very fun to use!,Positive
"Fire-Boltt Clickk 54.1mm (2.12 inch) AMOLED Display, Front Camera, Nano SIM Slot, 1000mAh Smartwatch  (Dark Knight Black Strap, Free Size)",Touch response is slow.,Neutral
"Fire-Boltt Hunter 51.1mm (2.01) HD Display Buetooth Calling with Single Chipset, Metal Body Smartwatch  (Green Strap, Free Size)",Screen flickers sometimes.,Neutral
"Cellecor STEW 1.83"" BT Calling, 500 NITS, AI Voice Assistant,SPo2,HR, Split Screen Smartwatch  (Black Strap, Free Size)",Premium feel in hand.,Positive
"Noise Icon Buz 1.69"" Display with Bluetooth Calling, Built-In Games, Voice Assistant Smartwatch  (Blue Strap, Regular)",Back panel feels weak.,Negative
"GOBOULT Crown 1.95"" Screen, BT Calling, Working Crown, Zinc Alloy Frame, 900 Nits, SpO2 Smartwatch  (Black Strap, Free Size)",Very stable connection.,Positive
"Fire-Boltt Nnja Talk 35.3mm (1.39) Round Bluetooth Calling Metal Body,120 Sports Modes Smartwatch  (Pink Strap, 1.39"")",Charging takes too long.,Neutral
"Cellecor RUSH 1.91"" HD Display | 600 NITS | BT-Calling | AI Voice | IP67 WaterResistant Smartwatch  (GOLD/PURPLE-BROWN Strap, Free Size)",Perfect sound clarity.,Positive
"Fastrack Revolt FS1+ 2.01inch Biggest UltraVU Display|Industry Best 950 Nits|BT Calling Smartwatch  (Green Strap, Free Size)",Face unlock works quick.,Neutral
"Fire-Boltt Rise Luxe Stainless Steel Luxury, 47mm (1.85) Display, Games, 120+ Sports Smartwatch  (Silver C Strap, Free Size)",Hard to type in low light.,Negative
"Fire-Boltt Rise Luxe Bluetooth Calling 47mm (1.85), Metal Body & Rotating Crown, 123 Sports Smartwatch  (Rose Gold Millanese Strap, Free Size)",Camera shutter is slow.,Neutral
"Fire-Boltt Ninja Talk 35.3mm (1.39) Round Bluetooth Calling Metal Body,120 Sports Modes Smartwatch  (Burgandy Strap, Free Size)",This phone is very fast!,Neutral
"Cellecor HD Display | 600 NITS | BT-Calling | AI Voice | IP67 WaterResistant Smartwatch  (GOLD/GREEN Strap, Free Size)",Very slow and laggy system.,Neutral
"Cellecor M5 PLUS 2.01"" IPS HD Display | 700 NITS | BT-Calling | AOD | IP67 | BT v5.4| Smartwatch  (Gold Burgundy Strap, Free Size)",Beautiful display quality!,Positive
"IZI One+ Action Camera ONE+ 5K Action Camera, 48MP, 6-Axis Gyro, Waterproof, WiFi, Dual Touch Screen Sports and Action Camera  (Black, 48 MP)",Too big and bulky for my taste.,Neutral
avidar Small Digital Camera for Kids Multi Mode Filter Kids SLR-Style Digital Camera Point & Shoot Camera  (Pink),Very crisp audio output.,Neutral
"Bzrqx Mini Wireless WiFi Camera 1080P HD Video and Audio Camera, Nanny Camera Sports and Action Camera  (Black, 12 MP)",Hinges feel loose.,Negative
"istylei Gift toys Kids Camera For Kids HD Real Pic Gift Sports & Action camera Sports and Action Camera  (Blue, 8 MP)",Amazing vibration motor.,Positive
"GOPRC Sports Action camera 4K Action Camera for Biking, Hiking & Underwater with 30M Waterproof Case Sports and Action Camera  (Black, 20 MP)",The coating scratches easily.,Positive
RBR Quadcopter Drone-Headless-ModeL-Altitude-Hold--Hight-HoldFoldable-RC-Quadcopter Drone,I love the performance!,Positive
"AVOIHS Gift toys High Pixel HD Recording Selfie Timer Photography Gift Kids Girls Boys Toy Camera Sports and Action Camera  (Multicolor, 8 MP)",Really poor materials used.,Negative
"BESTON GoPro Action camera Action Camera 4k 20MP Wifi 30M Waterproof Action Camera Sports DV Camcorder Sports and Action Camera  (Black, 20 MP)",Good for watching videos.,Positive
"Uphaar by OMG 2022 Kid's Digital Camera & Mini Video Camcorder Sports and Action Camera  (Blue, 20 MP)",Terrible charging speed.,Negative
AR jewell SPY CAMERAA 3D Camera  (10 Water Resistant),Feels comfortable on hand.,Positive
"Bzrqx Mini Security HD 1080P Hidden Camera Pen Portable Multifunctional Writing Pen Mini Camera Sports and Action Camera  (Black, 12 MP)",Not compatible with my device.,Neutral
"DSLRCAM GoPro Action camera GoproAction Camera 4k20MP Wifi 30M Waterproof Action Camera Sports DV Camcorder Sports and Action Camera  (Black, 20 MP)",Excellent build for the cost.,Positive
bvb Mini Full HD 1080P Wireless Hidden CCTV WiFi IP Camera /Video Audio Night Vision 3D Camera  (5 Water Resistant),Speaker quality is poor.,Negative
"blix Professional 4k Waterproof GoPro Camera Full HD Sports and Action Camera 4k Sports and Action Camera  (Black, 16 MP)",Very smooth and stable UI.,Positive
"Patreon 4K M5 4k20MP Wifi 30M Waterproof DV Camcorder Sports and Action Camera  (Black, 16 MP)",Cheap quality components.,Neutral
"Elevea New 1080p Vlogging Action Camera Sports and Action Camera  (Black, 16 MP)","Good display, weak battery.",Neutral
"PIXEL 4K M3 Action Camera 4k20MP Wifi 30M Waterproof Action Camera Sports DV Camcorder Sports and Action Camera  (Black, 16 MP)",Very strong network signal.,Positive
"Prime Assure Mini Camera Photo Instant Photo Print Camera for Kids Children Polar Instant Camera  (Blue, Pink)",Freezes randomly.,Neutral
"ISSU 10 SPYDER  (5 MP, Black)",Really impressed with camera.,Positive
"Bzrqx Mini Security Spy pen Camera, HD 1080P Hidden Portable Multifunctional Writing Security Camera Sports and Action Camera  (Black, 12 MP)",Plastic quality is cheap.,Neutral
"Bzrqx Mini Security SPY HD 1080P Hidden Camera Pen Portable Multifunctional Writing Pen Mini Camera Sports and Action Camera  (Black, 12 MP)",Amazing for photography!,Positive
"Bzrqx Mini Security HD Pen Camera Hidden Portable Spy Camera HD Video and Audio Recording Pen Sports and Action Camera  (Black, 12 MP)",Not powerful enough.,Negative
"SONTEK Sports Action camera Waterproof Outdoor 2K Action Camera with SD Card and Handlebar Mounts Sports and Action Camera  (Black, 12 MP)",The packaging was beautiful.,Positive
FUJIFILM Instax Mini 11 Instant Camera  (Purple),Overall a great product!,Positive
"Dox 4k H2 Sports Camera Action Camera 2k12MP Wifi 30M Waterproof Action Camera Sports DV Camcorder Sports and Action Camera  (Black, 16 MP)","Not satisfied, expected better.",Negative
realme TechLife 80 cm (32 inch) QLED HD Ready Smart Google TV 2025 Edition  (32HDGQRDDAQ),Camera autofocus is slow.,Neutral
Reliance Jumbo 60 cm (24 inch) HD Ready LED TV 2025 Edition with 24W Boom Speakers | Real Frameless | Noise Reduction | Monitor Support | Colour Enhancer  (RW24NS3972HD),Battery holds charge for long.,Neutral
Foxsky 60 cm (24 inch) HD Ready LED TV  (24FSN),Fans are too loud.,Neutral
Thomson Alpha QLED 60 cm (24 inch) QLED HD Ready Smart Linux TV 2025 Edition with 24W Sound Output | Web Browser | Sports Mode | Bezel Design  (24AlphaQ001),Really soft buttons.,Neutral
Foxsky 80 cm (32 inch) HD Ready LED Smart Android TV  (32 FSELS PRO),Screen is extremely sharp.,Neutral
Foxsky 60 cm (24 inch) HD Ready LED Smart Android TV 2025 Edition  (24 FSELS PRO),Not recommended at this price.,Negative
Samsung 80 cm (32 inch) HD Ready LED Smart Tizen TV 2025 Edition with Voice Assistance Remote Control | 100+ Free Channels | HDR 10+ Support | PurColor | Samsung Knox Security | Digital Tuner | Object Tracking Sound Lite | Adaptive Sound | Q-Symphony  (UA32H4500FUXXL),Great call quality!,Positive
Samsung Crystal 4K Vista 125 cm (50 inch) Ultra HD (4K) LED Smart Tizen TV 2025 Edition with 4K Upscaling | HDR 10+ | PurColor | Slim Look | Samsung Knox Security | 100+ Free Channels | Voice Ready with SmartThings App | Universal Gestures  (UA50UE81AFULXL),Do not waste your money.,Positive
Thomson Alpha QLED 80 cm (32 inch) QLED HD Ready Smart Linux TV 2025 Edition with 36W Sound Output | Web Browser | Sports Mode | Bezel - Less Design  (32AlphaQ019),Very bright screen.,Positive
XIAOMI by Mi Fire Tv 80 cm (32 inch) HD Ready LED Smart Fire TV 2025 Edition with High-Definition Display | Dolby Surround Sound | Vivid Picture Engine  (L32MB-FIN),Extremely slow boot time.,Neutral
realme TechLife 164 cm (65 inch) QLED Ultra HD (4K) Smart Google TV 2025 Edition  (65UHDGQRDDVQ),Great quality product.,Positive
realme TechLife 139 cm (55 inch) QLED Ultra HD (4K) Smart Google TV 2025 Edition  (55UHDGQRDDVQ),Received damaged item.,Negative
MOTOROLA 80 cm (32 inch) QLED HD Ready Smart Google TV 2025 Edition  (32HDGQMDDAQ),Perfect for gamers!,Positive
LG AI TV UA8200 108 cm (43 inch) Ultra HD (4K) LED Smart WebOS TV 2025 Edition with Alpha7 AI Processor 4K Gen8 | 4K Super Upscaling | AI Picture Pro | 4K Expression Enhancer | NEW AI Magic Remote Compatible | AI Search with MS Copilot | AI Sound Pro (9.1.2 ch) | Dolby Atmos | Chromecast Built-in  (43UA82006LA),Poor charging port quality.,Negative
iFFALCON by TCL U65 108 cm (43 inch) Ultra HD (4K) LED Smart Google TV 2025 Edition with MEMC | Dolby Vision-Atmos | HVA Panel & Metallic Bezel-Less  (43U65),Fantastic user experience!,Positive
XIAOMI A Series 80 cm (32 inch) HD Ready LED Smart Google TV with 200+ Free Channels |Dolby Audio | DTS:HD|DTS Virtual: X| Vivid Picture Engine| Dual Band Wi-Fi| Bluetooth 5.0  (L32MA-AIN),Very cheap feel.,Neutral
LG LR570 80 cm (32 inch) HD Ready LED Smart WebOS TV 2025 Edition with Alpha5 Gen 6 AI Processor | 100+ Free LG Channels | AI Brightness Control | AI Sound (Virtual Surround 5.1 Up-mix) | FTA Satellite Port | Magic Remote Compatible | 60Hz Refresh Rate | Alexa Built In | Works with Hey Google  (32LR570B6LA),"Stunning looks, love it.",Positive
"realme TechLife 109 cm (43 inch) Ultra HD (4K) LED Smart Google TV 2025 Edition with 5.0 with Dolby Audio, and 40 W downfiring speaker  (43UHDGDRVSAB)",Very bad sound quality.,Negative
MarQ by Flipkart 80 cm (32 inch) HD Ready LED TV  (32HDNDQEE1B),Excellent multitasking ability.,Positive
Thomson 164 cm (65 inch) QLED Ultra HD (4K) Smart Google TV with HDR 10 | Dolby Atmos | 40W Sound Output | DTS Trusurround | Google Assistant | Dual Band Wi-Fi  (Q65H1100),Low camera performance at night.,Negative
PHILIPS Frameless 80 cm (32 inch) HD Ready LED Smart Google TV 2025 Edition with Dolby Audio|24W RMS Sound |HDR 10|Wider Colour Gamut | Ultra Narrow Bezel | 8 GB Storage |Energy Saving |Google Assistant  (32PFT6130/94),Strong build and nice finish.,Positive
Thomson Alpha 60 cm (24 Inch) HD Ready LED Smart Linux TV with 20 W Sound Output  (24Alpha001),Not a reliable product.,Neutral
MarQ by Flipkart 60 cm (24 inch) HD Ready LED TV  (24HDNDQEETB),Keyboard feels amazing.,Positive
Samsung 108 cm (43 inch) Full HD LED Smart Tizen TV 2025 Edition with Voice Assistance Remote Control | 100+ Free Channels | HDR 10+ Support | PurColor | Samsung Knox Security | Digital Tuner | Object Tracking Sound Lite | Adaptive Sound | Q-Symphony  (UA43F5550FUXXL),Screen scratches easily.,Positive
Reliance Jumbo 60 cm (24 inch) HD Ready LED TV 2025 Edition with 24W Boom Speakers | Real Frameless | Noise Reduction | Monitor Support | Colour Enhancer  (RW24NS3972HD),Very smooth scrolling.,Neutral
Canon PIXMA MegaTank/Ink Efficient G2730 Multi-function Color Ink Tank Printer with Black (70 ml) & Color (40 ml)  (4 Ink Bottles Included),Terrible battery efficiency.,Negative
Canon PIXMA Mega Efficient G3012 Multi-function WiFi Color Ink Tank Printer (Color Page Cost: 0.21 Rs. | Black Page Cost: 0.09 Rs. | Borderless Printing) with 2 additional Black Ink Bottles  (6 Ink Bottles Included),Absolutely worth the price.,Positive
Canon PIXMA MG2470 All-in-One Inkjet Printer  (Ink Cartridge),Bluetooth keeps disconnecting.,Neutral
Canon PIXMA MG3070S Multi-function WiFi Color Inkjet Printer  (Ink Cartridge),Lightweight and compact.,Neutral
HP Smart All In One 529 Multi-function Color Ink Tank Printer for Print/Scan/Copy with Up to 4000 Black & 6000 color pages of ink in box  (4 Ink Bottles Included),System crashes often.,Neutral
"brother DCP-T730DW Multi-function WiFi Color Ink Tank Printer (Borderless Printing) for Print/Copy/Scan with ADF Printer, Print Upto 15K Pages Black & 5K in Color Each for(CMY), Auto Duplex 2-Sided Printer  (5 Ink Bottles Included)",Feels premium and sturdy.,Neutral
Canon PIXMA E3370 Multi-function WiFi Color Inkjet Printer (Borderless Printing)  (Ink Cartridge),Display quality is poor.,Negative
Canon PIXMA TS307 Single Function WiFi Color Inkjet Printer  (Ink Cartridge),The battery lasts very long.,Neutral
"HP DeskJet Ink Advantage 2338 Multi-function Color Inkjet Printer for Print/Scan/Copy, Ideal for Home  (Ink Cartridge, 1 Ink Bottle Included)",Speaker is super loud!,Positive
HP Smart All In One 589 Multi-function WiFi Color Ink Tank Printer for Print/Scan/Copy with Up to 4000 Black & 6000 color pages of ink in box  (4 Ink Bottles Included),Not worth buying.,Negative
Canon PIXMA INK EFFICIENT G3770 Multi-function WiFi Color Ink Tank Printer for Print/Copy/Scan with 6000 black and 7700 color prints  (4 Ink Bottles Included),Fantastic features!,Positive
"brother DCP-T436W Multi-function WiFi Color Ink Tank Printer (Borderless Printing) for Print/Copy/Scan with 27/11 PPM BK/CL, Print Upto 7.5 K Pages in Black & 5 K in Color Each for(CMY), Best for Home Printing  (4 Ink Bottles Included)",Poorly optimized software.,Positive
Epson L3251 Multi-function WiFi Color Ink Tank Printer  (4 Ink Bottles Included),Very handy and portable.,Neutral
Canon PIXMA MegaTank/Ink Efficient G4770 Multi-function WiFi Color Ink Tank Printer with Black (135 ml) & Color (70 ml)  (4 Ink Bottles Included),Signal reception is bad.,Negative
Epson L3250 Multi-function WiFi Color Ink Tank Printer  (4 Ink Bottles Included),Camera is excellent!,Positive
"HP DeskJet Ink Advantage 4278 All-in-One Multi-function WiFi Color Inkjet Printer for Print/Scan/Copy with Auto Document Feeder, Ideal for Home/Small Office  (Ink Cartridge)",Battery drains rapidly.,Neutral
"brother DCP-T535DW Multi-function WiFi Color Ink Tank Printer (Borderless Printing) for Print/Copy/Scan with 128MB Memory, Print Pages Upto 15K in Black & 5K in Color Each (CMY), Auto Duplex 2-Sided Printer  (5 Ink Bottles Included)",Great for work and study.,Positive
"Canon MegaTank G3780 Multi-function WiFi Color Ink Tank Printer (Borderless Printing) for Print/Copy/Scan with 6000 black and 7700 color prints, 1.35 inch LCD Panel & Auto 2-Sided Printing  (4 Ink Bottles Included)",Heating issues ruin everything.,Negative
"HP MFP 1188A Multi-function Monochrome Laser Printer  (Toner Cartridge, 4 Ink Bottles Included)",Good performance overall.,Positive
HP Smart Tank All in One 583 Multi-function WiFi Color Ink Tank Printer (Borderless Printing) for Print/Copy/Scan with Up to 4000 pages of Black or 6000 pages of color ink in the box and Mobile Fax Support with HP Smart App  (4 Ink Bottles Included),Uncomfortable to hold.,Negative
"Canon MegaTank G4780 Multi-function WiFi Color Ink Tank Printer (Borderless Printing) for Print/Copy/Scan with ADF Printer,6000 black and 7700 color prints, 2.7 inch TouchScreen LCD Panel & Auto 2-Sided Printing  (4 Ink Bottles Included)",No review available,Neutral
Canon PIXMA MegaTank G1730 Single Function Color Ink Tank Printer with Black (70 ml) & Color (40 ml) ink bottles  (4 Ink Bottles Included),No review available,Neutral
Canon PIXMA TS3370S Multi-function WiFi Color Inkjet Printer (Borderless Printing)  (Ink Cartridge),No review available,Neutral
HP Smart Tank All in One 523 Multi-function Color Ink Tank Printer (Borderless Printing) for Print/Copy/Scan with Up to 4000 pages of Black or 6000 pages of color ink in the box  (4 Ink Bottles Included),No review available,Neutral
Epson Eco L3266 Multi-function WiFi Color Ink Tank Printer (Color Page Cost: 24 Paise | Black Page Cost: 9 Paise | Borderless Printing) with Micro Piezo Heat Free Technology & 3.6 cm color LCD Screen  (4 Ink Bottles Included),No review available,Neutral
"Mivi Fort Sonic 600 Soundbar, 5.1 Channel,Multi-Input and EQ Modes,BT v5.3 600 W Bluetooth Soundbar  (Black, 5.2 Channel)",No review available,Neutral
"Nu Republic 20 Upto 12 hrs Playtime with 52 mm Dynamic Drivers & X-BassTech 20 W Bluetooth Speaker  (Black, 2.0 Channel)",No review available,Neutral
"Tec V speaker J-B-iL_Mini Boost 4 | Bluetooth Speaker | Wireless | Pocket Size m4 - 2 10 W Bluetooth Speaker  (Multicolor, 5.1 Channel)",No review available,Neutral
"MZ M412SP (PORTABLE) Dynamic Thunder Sound With High Bass 5 W Bluetooth Speaker  (Multicolor, Stereo Channel)",No review available,Neutral
"F FERONS Wireless rechargeable brand new portable Premium bass Multimedia FFRTG-113 9 W Bluetooth Speaker  (Black, Stereo Channel)",No review available,Neutral
"Nu Republic Party Box 16 With X-Bass®Technology, Upto 10 Hrs Playtime, Multiple RGB Modes, 16 W Bluetooth Speaker  (Black, 2.0 Channel)",No review available,Neutral
"boAt Aavante Bar 480/490, Free Music on JioSaavn, 7H Battery, Dual Full Range Drivers 10 W Bluetooth Speaker  (Black, 2.0 Channel)",No review available,Neutral
"Pharaoh (Portable Bluetooth Speakers) Mini Wireless (Speaker) With Clear SoundOK63 20 W Bluetooth Speaker  (Multicolor, 4.1 Channel)",No review available,Neutral
"Frontech SPK-0002BLU 3 W Laptop/Desktop Speaker  (Blue, 2.0 Channel)",No review available,Neutral
"boAt Stone 190 Pro w/ 12 HRS Playback, TWS Feature & IPX6 Splash Resistance 5 W Bluetooth Speaker  (Raging Black, Mono Channel)",No review available,Neutral
"TRIGGR Roar 12 Portable BT, V5.3, FM Mode, Rubber Finish, 8 Hr Playtime 12 W Bluetooth Speaker  (Red Eclipse, Mono Channel)",No review available,Neutral
"Nu Republic PartyBox 240 With 16 Hrs Playtime, Dual 52mm Dynamic Driver, Multi RGB LED Light 24 W Bluetooth Speaker  (Black, 2.0 Channel)",No review available,Neutral
"Jmax WS-1831 Wireless Speaker (1500mAh Battery) Supports FM, SD Card, USB & TWS 7 W Bluetooth Speaker  (Red, Stereo Channel)",No review available,Neutral
"GUGGU Raibow (BLUETOOTH TROLLEY SPEAKER) Dynamic Thunder Sound With Karaoke MicO39 35 W Bluetooth Party Speaker  (Black, 4.1 Channel)",No review available,Neutral
"boAt Stone 350 Pro/358 Pro, Music Streaming on JioSaavn,12 HRS Playback, IPX5 14 W Bluetooth Speaker  (Raging Black, Mono Channel)",No review available,Neutral
"Shivana Mini Boost 4 | Mini Speaker | Wireless Bluetooth Speaker | Pocket Size Speaker 10 W Bluetooth Home Audio Speaker  (Silver, Stereo Channel)",No review available,Neutral
"Nu Republic PartyBox 165 With 10 Hrs Playtime, Dual 52mm Dynamic Driver, Multi RGB LED Light 16 W Bluetooth Speaker  (Black, 2.0 Channel)",No review available,Neutral
"SAREGAMA Carvaan Hindi Bluetooth speaker 10 W Bluetooth Speaker  (Oak Wood Brown, Stereo Channel)",No review available,Neutral
"Pharaoh MINI BOOST 3 5W Bluetooth Speaker 5 W Bluetooth Party Speaker  (Multicolor, 5.1 Channel)",No review available,Neutral
"Sulfur Buy Ultra DJ Sound Blast Portable BestSuper deep Bass Wireless Rechargeable 10 W Bluetooth Speaker  (Black, Stereo Channel)",No review available,Neutral
"TRIGGR Roar 12 Portable BT, V5.3, FM Mode, Rubber Finish, 8 Hr Playtime 12 W Bluetooth Speaker  (Midnight Sun, Mono Channel)",No review available,Neutral
"Aroma Commander - 20W, Upto 6 Hrs Music Time*,Dynamic Thunder Sound,Heavy bass Drivers 20 W Bluetooth Soundbar  (Midnight Blue, Stereo Channel)",No review available,Neutral
"ZEBRONICS PSPK9 (County) Built-in FM Radio , Aux input 3 W Bluetooth Speaker  (Black, Mono Channel)",No review available,Neutral
"Mivi Fort S60 with 2 inBuilt Subwoofers, 3EQ Modes, Remote Ctrl 60 W Bluetooth Soundbar  (Black, 2.2 Channel)",No review available,Neutral
"F FERONS Powerpact bass & stereo audio color changIng led Light wireless portable FRK-162 3 W Bluetooth Speaker  (Black, 5.0 Channel)",No review available,Neutral
"ASUS TUF Gaming A16 (2025) AMD Ryzen 7 Hexa Core 7445HS - (16 GB/1 TB SSD/Windows 11 Home/6 GB Graphics/NVIDIA GeForce RTX 4050/144 Hz) FA607NUG-RL189WS Gaming Laptop  (16 Inch, Mecha Gray, 2.2 Kg, With MS Office)",No review available,Neutral
"ASUS TUF Gaming A15 (2025) AMD Ryzen 7 Hexa Core 7445HS - (16 GB/512 GB SSD/Windows 11 Home/4 GB Graphics/NVIDIA GeForce RTX 3050/144 Hz) FA506NCG-HN199W Gaming Laptop  (15.6 Inch, Graphite Black, 2.3 Kg)",No review available,Neutral
"Acer Aspire 7 Intel Core i5 13th Gen 13420H - (8 GB/512 GB SSD/Windows 11 Home/4 GB Graphics/NVIDIA GeForce RTX 2050) A715-79G Gaming Laptop  (15.6 Inch, Black, 1.99 Kg)",No review available,Neutral
"HP Victus Intel Core i5 12th Gen 12450H - (8 GB/512 GB SSD/Windows 11 Pro/4 GB Graphics/NVIDIA GeForce RTX 2050) 15-fa1312TX Gaming Laptop  (15.6 inch, Mica Silver, 2.3 kg, With MS Office)",No review available,Neutral
"Acer Nitro V AMD Ryzen 5 Hexa Core 6600H - (16 GB/512 GB SSD/Windows 11 Home/6 GB Graphics/NVIDIA GeForce RTX 3050) ANV15-41-R8G0 Gaming Laptop  (16 inch, Obsidian Black, 2.1 Kg)",No review available,Neutral
"Acer Nitro AMD Ryzen 5 Hexa Core 5600H - (8 GB/1 TB HDD/256 GB SSD/Windows 11 Home/4 GB Graphics/NVIDIA GeForce RTX 3050/144 Hz) AN515-45/AN515-45-R7Z1 Gaming Laptop  (15.6 Inch, Black, 2.4 KG)",No review available,Neutral
"MSI Thin A15 AMD Ryzen 5 Hexa Core 7535HS - (16 GB/512 GB SSD/Windows 11 Home/4 GB Graphics/NVIDIA GeForce RTX 3050/144 Hz) Thin A15 B7UC-284IN / Thin A15 B7UC-102IN Gaming Laptop  (15.6 Inch, Cosmos Gray, 1.86 Kg)",No review available,Neutral
"GIGABYTE G Series Intel Core i7 13th Gen 13620H - (16 GB/1 TB SSD/Windows 11 Home/8 GB Graphics/NVIDIA GeForce RTX 4060) G6 KF-H3IN894KH Gaming Laptop  (16 Inch, Black, 2.3 Kg)",No review available,Neutral
"ASUS TUF Gaming A15 AMD Ryzen 7 Hexa Core 7435HS - (16 GB/512 GB SSD/Windows 11 Home/6 GB Graphics/NVIDIA GeForce RTX 4050) FA507NUR-LP082W Gaming Laptop  (15.6 Inch, Mecha Gray, 2.20 Kg)",No review available,Neutral
"HP Victus Intel Core i5 13th Gen 13420H - (16 GB/512 GB SSD/Windows 11 Home/6 GB Graphics/NVIDIA GeForce RTX 3050/144 Hz) 15-fa2700TX Gaming Laptop  (15.6 inch, Mica Silver, 2.29 Kg, With MS Office)",No review available,Neutral
"MSI Titan 18 HX AI Intel Core Ultra 9 285HX - (64 GB/6 TB SSD/Windows 11 Home/24 GB Graphics/NVIDIA GeForce RTX 5090) Titan 18 HX AI A2XWJG-486IN Gaming Laptop  (18 Inch, Core Black, 3.6 Kg)",No review available,Neutral
"HP Victus AMD Ryzen 7 Hexa Core 7445HS - (16 GB/512 GB SSD/Windows 11 Home/4 GB Graphics/NVIDIA GeForce RTX 2050) 15-fb3122AX Gaming Laptop  (15.6 Inch, Performance Blue, Chrome Logo, 2.29 Kg, With MS Office)",No review available,Neutral
"GIGABYTE G6X 9MG-42IN854SH Intel Core i7 13th Gen 13650HX - (16 GB/1 TB SSD/Windows 11 Home/6 GB Graphics/NVIDIA GeForce RTX 4050/165 Hz) G6X 9MG-42IN854SH Gaming Laptop  (16 inch, Gunmetal Gray, 2.5 Kg)",No review available,Neutral
"GIGABYTE G5 MF5-H2IN354SH Intel Core i7 13th Gen 13420H - (16 GB/1 TB SSD/Windows 11 Home/6 GB Graphics/NVIDIA GeForce RTX NVIDIA GeForce RTX4050 Laptop GPU 6GB GDDR6/144 Hz) G5 MF5-H2IN354SH Gaming Laptop  (15.6 inch, Black, 2.08 Kg)",No review available,Neutral
"Lenovo LOQ Essential Intel Core i5 12th Gen 12450HX - (16 GB/512 GB SSD/Windows 11 Home/4 GB Graphics/NVIDIA GeForce RTX 3050A) 15IAX9E Gaming Laptop  (15.6 inch, Luna Grey, 1.77 kg, With MS Office)",No review available,Neutral
"GIGABYTE G5 KF5-H3IN353KH Intel Core i7 13th Gen G Series - (16 GB/512 GB SSD/Windows 11 Home/8 GB Graphics/NVIDIA GeForce RTX NVIDIA GeForce RTX4060 Laptop GPU 8GB GDDR6/144 Hz) G5 KF5-H3IN353KH Gaming Laptop  (15.6 inch, Black, 2.08 Kg)",No review available,Neutral
"HP Victus AMD Ryzen 7 Octa Core 260 - (24 GB/1 TB SSD/Windows 11 Home/8 GB Graphics/NVIDIA GeForce RTX 5050) 15-fb3185AX Gaming Laptop  (15.6 Inch, Mica Silver, Black Chrome Logo, 2.29 Kg, With MS Office)",No review available,Neutral
"ASUS ROG Strix G16 (2025) with Office 2024 + M365 Basic* Intel Core Ultra 9 275HX - (16 GB/1 TB SSD/Windows 11 Home/8 GB Graphics/NVIDIA GeForce RTX 5060/240 Hz) G615LM-S5128WS Gaming Laptop  (16 inch, Eclipse Gray, 2.65 Kg, With MS Office)",No review available,Neutral
"ASUS TUF Gaming A15 (2025) AMD Ryzen 7 Hexa Core 7445HS - (16 GB/1 TB SSD/Windows 11 Home/4 GB Graphics/NVIDIA GeForce RTX 3050/144 Hz) FA506NCG-HN249W Gaming Laptop  (15.6 Inch, Graphite Black, 2.3 Kg)",No review available,Neutral
"Acer Aspire 7 Intel Core i5 12th Gen 1240P - (8 GB/512 GB SSD/Windows 11 Home/4 GB Graphics/NVIDIA GeForce GTX 1650) A715-51G, A715-51G-527C Gaming Laptop  (15.6 inch, Black, 2.1 Kg)",No review available,Neutral
"Acer Aspire 5 gaming Intel Core i5 12th Gen 1240P - (8 GB/512 GB SSD/Windows 11 Home/4 GB Graphics/NVIDIA GeForce RTX RTX 2050) A515-57G Gaming Laptop  (15.6 inch, Steel Gray, 1.8 Kg)",No review available,Neutral
"Lenovo LOQ Intel Core i5 13th Gen 13450HX - (16 GB/512 GB SSD/Windows 11 Home/6 GB Graphics/NVIDIA GeForce RTX 3050) LOQ 15IRX9D2 Gaming Laptop  (15.6 Inch, Luna Grey, 2.38 kg, With MS Office)",No review available,Neutral
"Acer Aspire 7 Intel Core i7 13th Gen 13620H - (16 GB/512 GB SSD/Windows 11 Home/6 GB Graphics/NVIDIA GeForce RTX 3050/144 Hz) A715-79G Gaming Laptop  (15.6 Inch, Flame Black, 1.99 kg)",No review available,Neutral
"Acer Aspire 7 AMD Ryzen 5 Quad Core 3550H - (8 GB/512 GB SSD/Windows 11 Home/4 GB Graphics/NVIDIA GeForce GTX 1650/60 Hz) A715-41G-R6S8 Gaming Laptop  (15.6 inch, Charcoal Black, 2.15 kg)",No review available,Neutral
"Acer Nitro AMD Ryzen 5 Hexa Core 5600H - (8 GB/1 TB HDD/256 GB SSD/Windows 11 Home/4 GB Graphics/NVIDIA GeForce RTX 3050/144 Hz) AN515-45/AN515-45-R7Z1 Gaming Laptop  (15.6 Inch, Black, 2.4 KG)",No review available,Neutral
"Samsung 183 L Direct Cool Single Door 5 Star Refrigerator with Base Drawer  with Digital Inverter  (Himalaya Poppy Blue, RR20D2825HV/NL)",No review available,Neutral
"Samsung 183 L Direct Cool Single Door 5 Star Refrigerator with Base Drawer  with Digital Inverter  (Himalaya Poppy Red, RR20D2825HN/NL)",No review available,Neutral
"Samsung 236 L Frost Free Double Door 3 Star Convertible Refrigerator  with Digital Inverter and Display  (Elegant Inox, RT28C3733S8/HL)",No review available,Neutral
"Samsung 223 L Direct Cool Single Door 3 Star Refrigerator  with Digital Inverter  (Elegant Inox, RR24C2723S8/NL)",No review available,Neutral
"Haier 190 L Direct Cool Single Door 2 Star Refrigerator  with Large Storage Space1 Hour Icing Technology  (Marine Noisettes, HED-202MN-P)",No review available,Neutral
"Samsung 189 L Direct Cool Single Door 5 Star Refrigerator with Base Drawer  with Digital Inverter  (Paradise Bloom Blue, RR21D2H259U/HL)",No review available,Neutral
"Samsung 183 L Direct Cool Single Door 4 Star Refrigerator with Base Drawer  with Digital Inverter  (Camellia Purple, RR20C1824CR/HL)",No review available,Neutral
"Samsung 550 L Frost Free Side by Side Convertible Refrigerator  with Digital Inverter  (Refined Inox, RF57A5032S9/TL)",No review available,Neutral
"Samsung 183 L Direct Cool Single Door 4 Star Refrigerator  with Digital Inverter  (Camellia Blue, RR20C1724CU/HL)",No review available,Neutral
"Haier 185 L Direct Cool Single Door 2 Star Refrigerator  with DEFT TechnologyLarge Vegetable Box  (Moon silver, HED-19TMS-N)",No review available,Neutral
"Samsung 330 L Frost Free Double Door 2 Star Convertible Refrigerator  with 5-in-1, Digital Inverter, WiFi Enabled Bespoke AI  (Ez Clean Steel, RT34DG5A2BSLHL)",No review available,Neutral
"Samsung 215 L Direct Cool Single Door 5 Star Refrigerator  with Digital Inverter  (Paradise Bloom Blue, RR23D2H359U/HL)",No review available,Neutral
"Godrej 180 L Direct Cool Single Door 2 Star Refrigerator  with Jumbo Vegetable Tray And Wide Shelf Space  (Pep Blue, RD EDGE 205B WRF PP BL)",No review available,Neutral
"Samsung 189 L Direct Cool Single Door 5 Star Refrigerator with Base Drawer  with Digital Inverter  (Paradise Bloom Purple, RR21D2H259R/HL)",No review available,Neutral
"Whirlpool 184 L Direct Cool Single Door 2 Star Refrigerator  (Solid Blue / Blue, 205 WDE CLS 2S SAPPHIRE BLUE-Z)",No review available,Neutral
"realme TechLife 233 L Frost Free Double Door 3 Star Refrigerator  with Silver Ion Technology and Ice Twister  (Silver, 233MF3RM24NC)",No review available,Neutral
"Samsung 350 L Frost Free Double Door 3 Star Convertible Refrigerator  with 5-in-1, Digital Inverter, WiFi Enabled Bespoke AI  (Luxe Black, RT38DG5A4DBXHL)",No review available,Neutral
"Samsung 330 L Frost Free Double Door 3 Star Convertible Refrigerator  with 5-in-1, Digital Inverter, WiFi Enabled Bespoke AI  (Elegant Inox, RT34DG5A4DS8HL)",No review available,Neutral
"Haier 190 L Direct Cool Single Door 3 Star Refrigerator  (Nickel Steel, HED-203TNS-N)",No review available,Neutral
"Voltas Beko 183 L Direct Cool Single Door 2 Star Refrigerator  (Stella Wine, RDC215D/S0WSR0M0000GO)",No review available,Neutral
"Whirlpool 184 L Direct Cool Single Door 5 Star Refrigerator  (SAPPHIRE SERENA -Z1, 205 WDE ROY 5S INV SAPPHIRE SERENA -Z1)",No review available,Neutral
"Godrej 180 L Direct Cool Single Door 5 Star Refrigerator  with Jumbo Vegetable Tray, Faster Cooling And Ice Making  (Maple Wine, RD EDGENEO 207E THF MP WN)",No review available,Neutral
"Haier 190 L Direct Cool Single Door 5 Star Refrigerator  with Toughned Glass ShelfLarge Vegetable Box  (DAZZLE STEEL, HED-205DS-P)",No review available,Neutral
"Voltas Beko 183 L Direct Cool Single Door 2 Star Refrigerator  (Stella Blue, RDC215D/S0WBR0M0000GO)",No review available,Neutral
"Samsung 236 L Frost Free Double Door 3 Star Convertible Refrigerator  with Digital Inverter and Display  (Elegant Inox, RT28C3733S8/HL)",No review available,Neutral
"TCL 8.5 kg 5 Star with Extra Powerful Motor, Magic Filter and Fast Dry Semi Automatic Top Load Washing Machine Grey  (TWT85-P103PW)",No review available,Neutral
"Samsung 7 kg 5 star, Ecobubble, Digital Inverter, Fully Automatic Top Load Washing Machine Grey  (WA70BG4441YYTL)",No review available,Neutral
"realme TechLife 7 kg 5 Star rating Semi Automatic Top Load Washing Machine White, Black  (RMSA705NNNDW)",No review available,Neutral
"Samsung 8 kg Semi Automatic Top Load Washing Machine Black, Grey  (WT80C4200GG/TL)",No review available,Neutral
"Voltas Beko 6.5 kg Semi Automatic Top Load Washing Machine Maroon, White  (WTT65UNX/OK3R0R0W01)",No review available,Neutral
"realme TechLife 7.5 kg 5 Star Rating Semi Automatic Top Load Washing Machine Black, Grey  (RMSA755NNNDG)",No review available,Neutral
"Reliance 7.5 kg Washer only Grey, Black  (RGT750WG)",No review available,Neutral
"Samsung 8 kg 5 Star, AI Wash, Ecobubble, AI Energy Mode, AI VRT+, Super Speed, Soft Closing Door, Wi-Fi, Digital Inverter, Fully Automatic Top Load Washing Machine Grey  (WA80F08S2LTL)",No review available,Neutral
Whirlpool 7 kg Magic Clean 5 Star Fully Automatic Top Load Washing Machine Grey  (MAGIC CLEAN 7.0 GENX GREY 5YMW),No review available,Neutral
"Haier 6.5 kg Balance Clean Pulsator, Custom Wash Cycles with 15 Mins Quick Wash, Magic Filter Fully Automatic Top Load Washing Machine Brown, Grey  (HWM65-FE)",No review available,Neutral
"Samsung 8 kg 5 star, Ecobubble, Digital Inverter, Fully Automatic Top Load Washing Machine Grey  (WA80BG4441BGTL,WA80BG4441BG)",No review available,Neutral
"Samsung 10 kg 5 Star, AI Wash, Ecobubble, AI Energy Mode, AI VRT+, Soft Closing Door, Wi-Fi, Digital Inverter Fully Automatic Top Load Washing Machine Grey  (WA80F10E2LTL)",No review available,Neutral
"realme TechLife 7 kg 5 Star Rating Fabric Safe Wash Fully Automatic Top Load Washing Machine Black, Grey  (RMTL705NNNEG)",No review available,Neutral
"Samsung 7 kg 5 Star, AI, Wi-Fi, Digital Inverter Fully Automatic Front Load Washing Machine with In-built Heater Silver  (WW70T502NAN1TL)",No review available,Neutral
"MarQ by Flipkart 7 kg 5 Star Rating Innowash Range Semi Automatic Top Load Washing Machine Blue, White  (MQSA705NNNDN)",No review available,Neutral
"MarQ by Flipkart 6 kg 5 Star Rating Innowash Range Semi Automatic Top Load Washing Machine White, Maroon  (MQSA605NNNDM / MQSA60H5W)",No review available,Neutral
Godrej 8 kg Inbuilt Heater with Unbalanced Load Sensing Fully Automatic Top Load Washing Machine with In-built Heater Grey  (WTEON ADAC 80 5.0 FEFH GLGR),No review available,Neutral
Voltas Beko by A Tata Product 14 kg Semi Automatic Top Load Washing Machine Blue  (WTT140UPA/BL5KPTD),No review available,Neutral
"Whirlpool 8.5 kg 5 Star with Auto Restart, End of Cycle Buzzer, Lint Filter and Collar Scrubber Semi Automatic Top Load Washing Machine Grey  (MAGIC CLEAN 8.5 GREY DAZZLE (10YR)-N)",No review available,Neutral
"Thomson 7 kg Washer only Red, White  (TW7000)",No review available,Neutral
Voltas Beko by A Tata Product 8.5 kg 5 Star Semi Automatic Top Load Washing Machine Blue  (WTT85UAA/BLSSWH5GFD),No review available,Neutral
Thomson 7 kg 5 Star Aqua Magic Semi Automatic Top Load Washing Machine Blue  (TSA7000SP),No review available,Neutral
MOTOROLA 10 kg 5 star rating Midnight Series Semi Automatic Top Load Washing Machine Black  (MTSA1005NNNDB),No review available,Neutral
Voltas Beko by A Tata Product 8.5 kg 5 Star Semi Automatic Top Load Washing Machine Multicolor  (WTT85UAA/WNSSWH5GFD),No review available,Neutral
"TCL 8.5 kg 5 Star with Extra Powerful Motor, Magic Filter and Fast Dry Semi Automatic Top Load Washing Machine Grey  (TWT85-P103PW)",No review available,Neutral
