Product_ID,Category,Product_Name,Rating,Total_Ratings,Total_Reviews,Price,Discount,Product_URL
1,Laptop,"Acer Aspire 3 Intel Core i3 12th Gen 1215U - (8 GB/512 GB SSD/Windows 11 Home) A324-51 Thin and Light Laptop  (14 Inch, Steel Gray, 1.45 Kg)",4.2,25226,388,25990,39% off,https://www.flipkart.com/acer-aspire-3-intel-core-i3-12th-gen-1215u-8-gb-512-gb-ssd-windows-11-home-a324-51-thin-light-laptop/p/itm7dda0a4d1d62a?pid=COMHY24RJH2YXVPG&lid=LSTCOMHY24RJH2YXVPGTVAAXW&marketplace=FLIPKART&q=laptops&store=6bo%2Fb5g&srno=s_1_1&otracker=search&fm=organic&iid=a2b82e35-ee40-4bc6-beb8-983259186a58.COMHY24RJH2YXVPG.SEARCH&ppt=None&ppn=None&ssid=df3q39pdbk0000001763192420949&qH=c06ea84a1e3dc3c6
2,Laptop,"Samsung Galaxy Book4 Edge Series Copilot AI-PC Full Metal Chasis Qualcomm Snapdragon X - (16 GB/512 GB SSD/Windows 11 Home) NP750XQB-KA1IN Thin and Light Laptop  (15.6 inch, Sapphire Blue, 1.55 Kg, With MS Office)",4.3,31370,105,57499,37% off,https://www.flipkart.com/samsung-galaxy-book4-edge-series-copilot-ai-pc-full-metal-chasis-qualcomm-snapdragon-x-16-gb-512-gb-ssd-windows-11-home-np750xqb-ka1in-thin-light-laptop/p/itm1d61ec8d90cc7?pid=COMHE4ATFWNVHXHS&lid=LSTCOMHE4ATFWNVHXHSIHS0FO&marketplace=FLIPKART&q=laptops&store=6bo%2Fb5g&srno=s_1_2&otracker=search&fm=organic&iid=a2b82e35-ee40-4bc6-beb8-983259186a58.COMHE4ATFWNVHXHS.SEARCH&ppt=None&ppn=None&ssid=df3q39pdbk0000001763192420949&qH=c06ea84a1e3dc3c6
3,Laptop,"Samsung Galaxy Book5 AI Metal Intel Core Ultra 5 225U - (16 GB/512 GB SSD/Windows 11 Home) NP750XHD Thin and Light Laptop  (15.6 inch, Gray, 1.55 Kg, With MS Office)",4.5,5343,39,75990,24% off,https://www.flipkart.com/samsung-galaxy-book5-ai-metal-intel-core-ultra-5-225u-16-gb-512-gb-ssd-windows-11-home-np750xhd-thin-light-laptop/p/itmc33d2563d0ffc?pid=COMHE4ATPCZ9FXRP&lid=LSTCOMHE4ATPCZ9FXRP7N1GVG&marketplace=FLIPKART&q=laptops&store=6bo%2Fb5g&srno=s_1_3&otracker=search&fm=organic&iid=a2b82e35-ee40-4bc6-beb8-983259186a58.COMHE4ATPCZ9FXRP.SEARCH&ppt=None&ppn=None&ssid=df3q39pdbk0000001763192420949&qH=c06ea84a1e3dc3c6
4,Laptop,"Acer Aspire 3 Intel Celeron Dual Core - (8 GB/512 GB SSD/Windows 11 Home) A311-45 Thin and Light Laptop  (11.6 inch, Steel Grey, 1.0 kg)",3.8,86451,581,17990,50% off,https://www.flipkart.com/acer-aspire-3-intel-celeron-dual-core-8-gb-512-gb-ssd-windows-11-home-a311-45-thin-light-laptop/p/itmad38595c5a902?pid=COMH7NCZY2QDJ5Z4&lid=LSTCOMH7NCZY2QDJ5Z4RHDRWI&marketplace=FLIPKART&q=laptops&store=6bo%2Fb5g&srno=s_1_4&otracker=search&fm=organic&iid=a2b82e35-ee40-4bc6-beb8-983259186a58.COMH7NCZY2QDJ5Z4.SEARCH&ppt=None&ppn=None&ssid=df3q39pdbk0000001763192420949&qH=c06ea84a1e3dc3c6
5,Laptop,"Acer Aspire 3 Intel Celeron Dual Core N4500 - (8 GB/256 GB SSD/Windows 11 Home) A325-45 Thin and Light Laptop  (15.6 Inch, Steel Grey, 1.50 Kg)",3.9,91755,162,21490,34% off,https://www.flipkart.com/acer-aspire-3-intel-celeron-dual-core-n4500-8-gb-256-gb-ssd-windows-11-home-a325-45-thin-light-laptop/p/itm9ca67a1a3ea22?pid=COMH2TPSHCGYHHH8&lid=LSTCOMH2TPSHCGYHHH8NV9XQU&marketplace=FLIPKART&q=laptops&store=6bo%2Fb5g&srno=s_1_5&otracker=search&fm=organic&iid=a2b82e35-ee40-4bc6-beb8-983259186a58.COMH2TPSHCGYHHH8.SEARCH&ppt=None&ppn=None&ssid=df3q39pdbk0000001763192420949&qH=c06ea84a1e3dc3c6
6,Laptop,"DELL 15 AMD Ryzen 3 Quad Core 7320U - (8 GB/512 GB SSD/Windows 11 Home) Inspiron 3535 / 15 DC 15255 Thin and Light Laptop  (15.6 inch, Carbon Black, 1.67 kg, With MS Office)",4.3,31831,245,28990,29% off,https://www.flipkart.com/dell-15-amd-ryzen-3-quad-core-7320u-8-gb-512-gb-ssd-windows-11-home-inspiron-3535-dc-15255-thin-light-laptop/p/itm58c1d8a904449?pid=COMH5PBYWQTDJGQG&lid=LSTCOMH5PBYWQTDJGQGUCDMOA&marketplace=FLIPKART&q=laptops&store=6bo%2Fb5g&srno=s_1_6&otracker=search&fm=organic&iid=a2b82e35-ee40-4bc6-beb8-983259186a58.COMH5PBYWQTDJGQG.SEARCH&ppt=None&ppn=None&ssid=df3q39pdbk0000001763192420949&qH=c06ea84a1e3dc3c6
7,Laptop,"Samsung Galaxy Book4 Metal Intel Core i5 13th Gen 1335U - (16 GB/512 GB SSD/Windows 11 Home) NP750XGJ-KG2IN / NP750XGJ-LG2IN Thin and Light Laptop  (15.6 Inch, Gray, 1.55 Kg, With MS Office)",4.4,414318,1151,51990,37% off,https://www.flipkart.com/samsung-galaxy-book4-metal-intel-core-i5-13th-gen-1335u-16-gb-512-gb-ssd-windows-11-home-np750xgj-kg2in-np750xgj-lg2in-thin-light-laptop/p/itm1df5212efb9fc?pid=COMGZUYDGFJGHZR4&lid=LSTCOMGZUYDGFJGHZR4JPVIN2&marketplace=FLIPKART&q=laptops&store=6bo%2Fb5g&srno=s_1_7&otracker=search&fm=organic&iid=a2b82e35-ee40-4bc6-beb8-983259186a58.COMGZUYDGFJGHZR4.SEARCH&ppt=None&ppn=None&ssid=df3q39pdbk0000001763192420949&qH=c06ea84a1e3dc3c6
8,Laptop,"HP Laptop Intel Core i3 13th Gen 1315U - (8 GB/512 GB SSD/Windows 11 Home) 15-fd0129TU / 15-fd0568TU Thin and Light Laptop  (15.6 inch, Natural Silver, 1.59 kg, With MS Office)",4.1,11958,118,35990,30% off,https://www.flipkart.com/hp-laptop-intel-core-i3-13th-gen-1315u-8-gb-512-gb-ssd-windows-11-home-15-fd0129tu-15-fd0568tu-thin-light/p/itmcf7c16556a324?pid=COMHF6WAGPZCBQVZ&lid=LSTCOMHF6WAGPZCBQVZQDQWQM&marketplace=FLIPKART&q=laptops&store=6bo%2Fb5g&srno=s_1_8&otracker=search&fm=organic&iid=a2b82e35-ee40-4bc6-beb8-983259186a58.COMHF6WAGPZCBQVZ.SEARCH&ppt=None&ppn=None&ssid=df3q39pdbk0000001763192420949&qH=c06ea84a1e3dc3c6
9,Laptop,"DELL 15 AMD Ryzen 5 Hexa Core 7530U - (16 GB/512 GB SSD/Windows 11 Home) 3535 Thin and Light Laptop  (15.6 Inch, Platinum Silver, 1.67 Kg, With MS Office)",4.2,21868,122,38990,31% off,https://www.flipkart.com/dell-15-amd-ryzen-5-hexa-core-7530u-16-gb-512-gb-ssd-windows-11-home-3535-thin-light-laptop/p/itm672bf7685863c?pid=COMH8EPFGAZ5HFM3&lid=LSTCOMH8EPFGAZ5HFM3UCBKL5&marketplace=FLIPKART&q=laptops&store=6bo%2Fb5g&spotlightTagId=default_FkPickId_6bo%2Fb5g&srno=s_1_9&otracker=search&fm=organic&iid=a2b82e35-ee40-4bc6-beb8-983259186a58.COMH8EPFGAZ5HFM3.SEARCH&ppt=None&ppn=None&ssid=df3q39pdbk0000001763192420949&qH=c06ea84a1e3dc3c6
10,Laptop,"Acer Aspire 3 Intel Celeron Dual Core - (8 GB/128 GB SSD/Windows 11 Home) A311-45 Thin and Light Laptop  (11.6 inch, Steel Grey, 1.0 kg)",3.8,86451,581,15990,51% off,https://www.flipkart.com/acer-aspire-3-intel-celeron-dual-core-8-gb-128-gb-ssd-windows-11-home-a311-45-thin-light-laptop/p/itmad38595c5a902?pid=COMH7NCZGGGWQC4W&lid=LSTCOMH7NCZGGGWQC4WQSQGVR&marketplace=FLIPKART&q=laptops&store=6bo%2Fb5g&srno=s_1_10&otracker=search&fm=organic&iid=a2b82e35-ee40-4bc6-beb8-983259186a58.COMH7NCZGGGWQC4W.SEARCH&ppt=None&ppn=None&ssid=df3q39pdbk0000001763192420949&qH=c06ea84a1e3dc3c6
11,Laptop,"ASUS Expertbook P1 High-performance processor Intel Core i5 13th Gen 13420H - (16 GB/512 GB SSD/Windows 11 Home) P1503CVA-S70611WS Thin and Light Laptop  (15.6 inch, Misty Grey, 1.65 Kg, With MS Office)",4.3,33304,267,51990,42% off,https://www.flipkart.com/asus-expertbook-p1-high-performance-processor-intel-core-i5-13th-gen-13420h-16-gb-512-gb-ssd-windows-11-home-p1503cva-s70611ws-thin-light-laptop/p/itmf788da016f665?pid=COMH8Z2QRZVVN2RZ&lid=LSTCOMH8Z2QRZVVN2RZ9WYQBV&marketplace=FLIPKART&q=laptops&store=6bo%2Fb5g&srno=s_1_11&otracker=search&fm=organic&iid=a2b82e35-ee40-4bc6-beb8-983259186a58.COMH8Z2QRZVVN2RZ.SEARCH&ppt=None&ppn=None&ssid=df3q39pdbk0000001763192420949&qH=c06ea84a1e3dc3c6
12,Laptop,"Samsung Galaxy Book4 Metal Intel Core i7 13th Gen 1355U - (16 GB/512 GB SSD/Windows 11 Home) NP750XGJ-KG3IN / NP750XGJ-LG3IN / NP750XGJ-LG8IN Thin and Light Laptop  (15.6 Inch, Gray, 1.55 Kg, With MS Office)",4.4,44481,294,61990,30% off,https://www.flipkart.com/samsung-galaxy-book4-metal-intel-core-i7-13th-gen-1355u-16-gb-512-gb-ssd-windows-11-home-np750xgj-kg3in-np750xgj-lg3in-np750xgj-lg8in-thin-light-laptop/p/itm1df5212efb9fc?pid=COMGZUYDYPUZAAXD&lid=LSTCOMGZUYDYPUZAAXDBMAOEF&marketplace=FLIPKART&q=laptops&store=6bo%2Fb5g&srno=s_1_12&otracker=search&fm=organic&iid=a2b82e35-ee40-4bc6-beb8-983259186a58.COMGZUYDYPUZAAXD.SEARCH&ppt=None&ppn=None&ssid=df3q39pdbk0000001763192420949&qH=c06ea84a1e3dc3c6
13,Laptop,"ASUS Expertbook P1 Intel Core i3 13th Gen 1315U - (16 GB/512 GB SSD/Windows 11 Home) P1403CVA-S60938WS Thin and Light Laptop  (14 inch, Misty Grey, 1.4 Kg, With MS Office)",4.3,33388,299,38990,48% off,https://www.flipkart.com/asus-expertbook-p1-intel-core-i3-13th-gen-1315u-16-gb-512-gb-ssd-windows-11-home-p1403cva-s60938ws-thin-light-laptop/p/itm0af4b81838b5b?pid=COMH8Z2QAWCCUCSP&lid=LSTCOMH8Z2QAWCCUCSPPZPFKG&marketplace=FLIPKART&q=laptops&store=6bo%2Fb5g&srno=s_1_13&otracker=search&fm=organic&iid=a2b82e35-ee40-4bc6-beb8-983259186a58.COMH8Z2QAWCCUCSP.SEARCH&ppt=None&ppn=None&ssid=df3q39pdbk0000001763192420949&qH=c06ea84a1e3dc3c6
14,Laptop,"ASUS Expertbook P1 High-performance processor Intel Core i7 13th Gen 13620H - (32 GB/512 GB SSD/Windows 11 Home) P1403CVA-S60940WS Thin and Light Laptop  (14 inch, Misty Grey, 1.42 Kg, With MS Office)",4.3,3684,51,72990,43% off,https://www.flipkart.com/asus-expertbook-p1-high-performance-processor-intel-core-i7-13th-gen-13620h-32-gb-512-gb-ssd-windows-11-home-p1403cva-s60940ws-thin-light-laptop/p/itmc8b94112958cf?pid=COMH8Z2QT98FWRGH&lid=LSTCOMH8Z2QT98FWRGH3QRD3U&marketplace=FLIPKART&q=laptops&store=6bo%2Fb5g&srno=s_1_14&otracker=search&fm=organic&iid=a2b82e35-ee40-4bc6-beb8-983259186a58.COMH8Z2QT98FWRGH.SEARCH&ppt=None&ppn=None&ssid=df3q39pdbk0000001763192420949&qH=c06ea84a1e3dc3c6
15,Laptop,"Acer Aspire 7 Intel Core i5 13th Gen 13420H - (16 GB/512 GB SSD/Windows 11 Home/6 GB Graphics/NVIDIA GeForce RTX 3050) A715-79G Gaming Laptop  (15.6 Inch, Black, 1.99 Kg)",4.3,32769,203,54990,38% off,https://www.flipkart.com/acer-aspire-7-intel-core-i5-13th-gen-13420h-16-gb-512-gb-ssd-windows-11-home-6-graphics-nvidia-geforce-rtx-3050-a715-79g-gaming-laptop/p/itm8208102c97f99?pid=COMH3G96MYGWSGTF&lid=LSTCOMH3G96MYGWSGTFGZ7TLO&marketplace=FLIPKART&q=laptops&store=6bo%2Fb5g&srno=s_1_15&otracker=search&fm=organic&iid=a2b82e35-ee40-4bc6-beb8-983259186a58.COMH3G96MYGWSGTF.SEARCH&ppt=None&ppn=None&ssid=df3q39pdbk0000001763192420949&qH=c06ea84a1e3dc3c6
16,Laptop,"Acer Chromebook Intel Celeron Dual Core N4500 - (8 GB/128 GB EMMC Storage/Chrome OS) CB314-3H-C5QE/ CB314-3H-C0BZ Chromebook  (15.6 inch, Silver, 1.45 Kg)",3.8,82479,170,18990,44% off,https://www.flipkart.com/acer-chromebook-intel-celeron-dual-core-n4500-8-gb-128-gb-emmc-storage-chrome-os-cb314-3h-c5qe-cb314-3h-c0bz/p/itm04458b376eefa?pid=COMGSV3G3RYBAHX4&lid=LSTCOMGSV3G3RYBAHX4RBS9WL&marketplace=FLIPKART&q=laptops&store=6bo%2Fb5g&srno=s_1_16&otracker=search&fm=organic&iid=a2b82e35-ee40-4bc6-beb8-983259186a58.COMGSV3G3RYBAHX4.SEARCH&ppt=None&ppn=None&ssid=df3q39pdbk0000001763192420949&qH=c06ea84a1e3dc3c6
17,Laptop,"Acer Aspire 3 Intel Core i3 12th Gen 1215U - (8 GB/256 GB SSD/Windows 11 Home) A324-51 Thin and Light Laptop  (14 Inch, Steel Gray, 1.45 Kg)",4.2,25226,388,28990,29% off,https://www.flipkart.com/acer-aspire-3-intel-core-i3-12th-gen-1215u-8-gb-256-gb-ssd-windows-11-home-a324-51-thin-light-laptop/p/itm7dda0a4d1d62a?pid=COMHY24R4SNQWZGZ&lid=LSTCOMHY24R4SNQWZGZCPOPEW&marketplace=FLIPKART&q=laptops&store=6bo%2Fb5g&srno=s_1_17&otracker=search&fm=organic&iid=a2b82e35-ee40-4bc6-beb8-983259186a58.COMHY24R4SNQWZGZ.SEARCH&ppt=None&ppn=None&ssid=df3q39pdbk0000001763192420949&qH=c06ea84a1e3dc3c6
18,Mobile,"POCO C71 (Cool Blue, 128 GB)  (6 GB RAM)",4.1,123857,1146,6799,32% off,https://www.flipkart.com/poco-c71-cool-blue-128-gb/p/itmfb10bdbf02c6e?pid=MOBHAFVJURDB9QYR&lid=LSTMOBHAFVJURDB9QYRYNBHTJ&marketplace=FLIPKART&q=mobiles&store=tyy%2F4io&srno=s_1_1&otracker=search&fm=organic&iid=1c3225a7-e454-441e-9871-21bde228caca.MOBHAFVJURDB9QYR.SEARCH&ppt=pp&ppn=pp&ssid=6c1un6lmkw0000001763192561221&qH=eb4af0bf07c16429
19,Mobile,Rastic SM Guru Music 2 Mobile Phone  (White),0,0,0,799,46% off,https://www.flipkart.com/rastic-sm-guru-music-2-mobile-phone/p/itm3686cf469f3b7?pid=MOBHHJUKKBVBB8BV&lid=LSTMOBHHJUKKBVBB8BVWERXPP&marketplace=FLIPKART&q=mobiles&store=tyy%2F4io&srno=s_1_2&otracker=search&fm=organic&iid=1c3225a7-e454-441e-9871-21bde228caca.MOBHHJUKKBVBB8BV.SEARCH&ppt=pp&ppn=pp&ssid=6c1un6lmkw0000001763192561221&qH=eb4af0bf07c16429
20,Mobile,"POCO C71 (Desert Gold, 64 GB)  (4 GB RAM)",3.8,846431,2129,6199,31% off,https://www.flipkart.com/poco-c71-desert-gold-64-gb/p/itme3dc58af6a04b?pid=MOBHAFVJZ5CHWMH8&lid=LSTMOBHAFVJZ5CHWMH8MZ5M5D&marketplace=FLIPKART&q=mobiles&store=tyy%2F4io&srno=s_1_3&otracker=search&fm=organic&iid=1c3225a7-e454-441e-9871-21bde228caca.MOBHAFVJZ5CHWMH8.SEARCH&ppt=pp&ppn=pp&ssid=6c1un6lmkw0000001763192561221&qH=eb4af0bf07c16429
21,Mobile,"MOTOROLA Edge 60 Pro (Pantone Shadow, 256 GB)  (12 GB RAM)",4.3,311819,999,31999,21% off,https://www.flipkart.com/motorola-edge-60-pro-pantone-shadow-256-gb/p/itme4f8c6dd0e2db?pid=MOBH9C9JBE7X4H8H&lid=LSTMOBH9C9JBE7X4H8HWHFJKC&marketplace=FLIPKART&q=mobiles&store=tyy%2F4io&srno=s_1_4&otracker=search&fm=organic&iid=1c3225a7-e454-441e-9871-21bde228caca.MOBH9C9JBE7X4H8H.SEARCH&ppt=pp&ppn=pp&ssid=6c1un6lmkw0000001763192561221&qH=eb4af0bf07c16429
22,Mobile,"REDMI Note 14 SE 5G (Crimson Art, 128 GB)  (6 GB RAM)",4.3,314221,579,13499,32% off,https://www.flipkart.com/redmi-note-14-se-5g-crimson-art-128-gb/p/itm10fbd7f3a50f1?pid=MOBHE48SXCFFFTTT&lid=LSTMOBHE48SXCFFFTTTDUVPWS&marketplace=FLIPKART&q=mobiles&store=tyy%2F4io&srno=s_1_5&otracker=search&fm=organic&iid=1c3225a7-e454-441e-9871-21bde228caca.MOBHE48SXCFFFTTT.SEARCH&ppt=pp&ppn=pp&ssid=6c1un6lmkw0000001763192561221&qH=eb4af0bf07c16429
23,Mobile,"REDMI Note 14 SE 5G (Titan Black, 128 GB)  (6 GB RAM)",4.3,314221,579,13499,32% off,https://www.flipkart.com/redmi-note-14-se-5g-titan-black-128-gb/p/itmbbe0bfdee707d?pid=MOBHE48SMK9RUZHQ&lid=LSTMOBHE48SMK9RUZHQEJUO1P&marketplace=FLIPKART&q=mobiles&store=tyy%2F4io&srno=s_1_6&otracker=search&fm=organic&iid=1c3225a7-e454-441e-9871-21bde228caca.MOBHE48SMK9RUZHQ.SEARCH&ppt=pp&ppn=pp&ssid=6c1un6lmkw0000001763192561221&qH=eb4af0bf07c16429
24,Mobile,"POCO C71 (Power Black, 128 GB)  (6 GB RAM)",4.1,123857,1146,6799,32% off,https://www.flipkart.com/poco-c71-power-black-128-gb/p/itm8096ee52d7013?pid=MOBHAFVJJM8BWNKC&lid=LSTMOBHAFVJJM8BWNKCJY0MRA&marketplace=FLIPKART&q=mobiles&store=tyy%2F4io&srno=s_1_7&otracker=search&fm=organic&iid=1c3225a7-e454-441e-9871-21bde228caca.MOBHAFVJJM8BWNKC.SEARCH&ppt=pp&ppn=pp&ssid=6c1un6lmkw0000001763192561221&qH=eb4af0bf07c16429
25,Mobile,"POCO M7 5G (Mint Green, 128 GB)  (8 GB RAM)",4.2,212130,599,9999,28% off,https://www.flipkart.com/poco-m7-5g-mint-green-128-gb/p/itm5a4e9a881d94a?pid=MOBH9HFJGB3JSYEF&lid=LSTMOBH9HFJGB3JSYEF2YLMA0&marketplace=FLIPKART&q=mobiles&store=tyy%2F4io&srno=s_1_8&otracker=search&fm=organic&iid=1c3225a7-e454-441e-9871-21bde228caca.MOBH9HFJGB3JSYEF.SEARCH&ppt=pp&ppn=pp&ssid=6c1un6lmkw0000001763192561221&qH=eb4af0bf07c16429
26,Mobile,"POCO M7 Pro 5G (Lavender Frost, 128 GB)  (6 GB RAM)",4.3,329275,2198,11999,36% off,https://www.flipkart.com/poco-m7-pro-5g-lavender-frost-128-gb/p/itmf76d7942d780f?pid=MOBH7443JBKHRPGW&lid=LSTMOBH7443JBKHRPGWOC2RGL&marketplace=FLIPKART&q=mobiles&store=tyy%2F4io&srno=s_1_9&otracker=search&fm=organic&iid=1c3225a7-e454-441e-9871-21bde228caca.MOBH7443JBKHRPGW.SEARCH&ppt=pp&ppn=pp&ssid=6c1un6lmkw0000001763192561221&qH=eb4af0bf07c16429
27,Mobile,"Moto g67 power 5G (Pantone Parachute, 128 GB)  (8 GB RAM)",4.5,592,3,15999,15% off,https://www.flipkart.com/moto-g67-power-5g-pantone-parachute-128-gb/p/itm2fcd7ff295537?pid=MOBHFSCEBA7G3HXN&lid=LSTMOBHFSCEBA7G3HXNM6IXLV&marketplace=FLIPKART&q=mobiles&store=tyy%2F4io&srno=s_1_10&otracker=search&fm=organic&iid=1c3225a7-e454-441e-9871-21bde228caca.MOBHFSCEBA7G3HXN.SEARCH&ppt=pp&ppn=pp&ssid=6c1un6lmkw0000001763192561221&qH=eb4af0bf07c16429
28,Mobile,"REDMI A3X (Ocean Green, 128 GB)  (4 GB RAM)",4.1,19422,392,6499,40% off,https://www.flipkart.com/redmi-a3x-ocean-green-128-gb/p/itmae02f9f3f765a?pid=MOBH22XZ94F6P6QV&lid=LSTMOBH22XZ94F6P6QVR3JTOK&marketplace=FLIPKART&q=mobiles&store=tyy%2F4io&srno=s_1_11&otracker=search&fm=organic&iid=1c3225a7-e454-441e-9871-21bde228caca.MOBH22XZ94F6P6QV.SEARCH&ppt=pp&ppn=pp&ssid=6c1un6lmkw0000001763192561221&qH=eb4af0bf07c16429
29,Mobile,"Moto g06 power (Tapestry, 64 GB)  (4 GB RAM)",4.2,21121,92,7199,28% off,https://www.flipkart.com/moto-g06-power-tapestry-64-gb/p/itmf3d81a7e9b32d?pid=MOBHFSCEW8DQVKDZ&lid=LSTMOBHFSCEW8DQVKDZ2CWXCB&marketplace=FLIPKART&q=mobiles&store=tyy%2F4io&srno=s_1_12&otracker=search&fm=organic&iid=1c3225a7-e454-441e-9871-21bde228caca.MOBHFSCEW8DQVKDZ.SEARCH&ppt=pp&ppn=pp&ssid=6c1un6lmkw0000001763192561221&qH=eb4af0bf07c16429
30,Mobile,"POCO C75 5G (Enchanted Green, 64 GB)  (4 GB RAM)",4.2,2129220,5807,7499,31% off,https://www.flipkart.com/poco-c75-5g-enchanted-green-64-gb/p/itmf8fdd88f80fcc?pid=MOBH7443VEGWXG4G&lid=LSTMOBH7443VEGWXG4GOW118G&marketplace=FLIPKART&q=mobiles&store=tyy%2F4io&srno=s_1_13&otracker=search&fm=organic&iid=1c3225a7-e454-441e-9871-21bde228caca.MOBH7443VEGWXG4G.SEARCH&ppt=pp&ppn=pp&ssid=6c1un6lmkw0000001763192561221&qH=eb4af0bf07c16429
31,Mobile,"Moto g67 power 5G (Pantone Cilantro, 128 GB)  (8 GB RAM)",4.5,592,3,15999,15% off,https://www.flipkart.com/moto-g67-power-5g-pantone-cilantro-128-gb/p/itma6f5b15eedd8c?pid=MOBHFSCEWFXTERWP&lid=LSTMOBHFSCEWFXTERWPZ44O8K&marketplace=FLIPKART&q=mobiles&store=tyy%2F4io&srno=s_1_14&otracker=search&fm=organic&iid=1c3225a7-e454-441e-9871-21bde228caca.MOBHFSCEWFXTERWP.SEARCH&ppt=pp&ppn=pp&ssid=6c1un6lmkw0000001763192561221&qH=eb4af0bf07c16429
32,Mobile,"realme P4 5G (Engine Blue, 128 GB)  (6 GB RAM)",4.4,414450,924,16999,19% off,https://www.flipkart.com/realme-p4-5g-engine-blue-128-gb/p/itmf836e6de035a5?pid=MOBHERXFZSPWPSQN&lid=LSTMOBHERXFZSPWPSQNLLYBYL&marketplace=FLIPKART&q=mobiles&store=tyy%2F4io&srno=s_1_15&otracker=search&fm=organic&iid=1c3225a7-e454-441e-9871-21bde228caca.MOBHERXFZSPWPSQN.SEARCH&ppt=pp&ppn=pp&ssid=6c1un6lmkw0000001763192561221&qH=eb4af0bf07c16429
33,Mobile,"POCO C71  - Locked with Airtel Prepaid (Desert Gold, 64 GB)  (4 GB RAM)",3.8,846431,2129,5749,36% off,https://www.flipkart.com/poco-c71-locked-airtel-prepaid-desert-gold-64-gb/p/itmb0bb5af15d090?pid=MOBHAFVJ5QYQMBRV&lid=LSTMOBHAFVJ5QYQMBRVX1X4P4&marketplace=FLIPKART&q=mobiles&store=tyy%2F4io&srno=s_1_16&otracker=search&fm=organic&iid=1c3225a7-e454-441e-9871-21bde228caca.MOBHAFVJ5QYQMBRV.SEARCH&ppt=pp&ppn=pp&ssid=6c1un6lmkw0000001763192561221&qH=eb4af0bf07c16429
34,Mobile,"Moto g06 power (Pantone Tendril, 64 GB)  (4 GB RAM)",4.2,21121,92,7199,28% off,https://www.flipkart.com/moto-g06-power-pantone-tendril-64-gb/p/itm6328c9afec960?pid=MOBHFSCEDQXXDXUQ&lid=LSTMOBHFSCEDQXXDXUQ5OORZ3&marketplace=FLIPKART&q=mobiles&store=tyy%2F4io&srno=s_1_17&otracker=search&fm=organic&iid=1c3225a7-e454-441e-9871-21bde228caca.MOBHFSCEDQXXDXUQ.SEARCH&ppt=pp&ppn=pp&ssid=6c1un6lmkw0000001763192561221&qH=eb4af0bf07c16429
35,Tablet,MOTOROLA Pad 60 Neo 8 GB RAM 128 GB ROM 11 inch with Wi-Fi+5G Tablet (PANTONE Bronze Green),4.5,57427,637,18999,32% off,https://www.flipkart.com/motorola-pad-60-neo-8-gb-ram-128-rom-11-inch-wi-fi-5g-tablet-pantone-bronze-green/p/itm4aa28823b0e61?pid=TABHETUGU6T947RJ&lid=LSTTABHETUGU6T947RJPZNUAV&marketplace=FLIPKART&q=tablets&store=tyy%2Fhry&srno=s_1_1&otracker=search&fm=organic&iid=9f2af657-e3c1-4d76-bda6-3f371706a292.TABHETUGU6T947RJ.SEARCH&ppt=pp&ppn=pp&ssid=gtxcdj8isg0000001763192698323&qH=c6411ee33ebd1dbd
36,Tablet,REDMI  Pad SE 8 GB RAM 128 GB ROM 11.0 inch with Wi-Fi Only Tablet (Lavender Purple),4.4,415761,993,12999,35% off,https://www.flipkart.com/redmi-pad-se-8-gb-ram-128-rom-11-0-inch-wi-fi-only-tablet-lavender-purple/p/itma5509f73ddb92?pid=TABHYYS9NRJGRYWF&lid=LSTTABHYYS9NRJGRYWFZ9EWXP&marketplace=FLIPKART&q=tablets&store=tyy%2Fhry&srno=s_1_2&otracker=search&fm=organic&iid=9f2af657-e3c1-4d76-bda6-3f371706a292.TABHYYS9NRJGRYWF.SEARCH&ppt=pp&ppn=pp&ssid=gtxcdj8isg0000001763192698323&qH=c6411ee33ebd1dbd
37,Tablet,REDMI  Pad Pro 5G 8 GB RAM 128 GB ROM 12.1 inch with Wi-Fi+5G Tablet (Graphite Grey),4.4,46726,432,22999,14% off,https://www.flipkart.com/redmi-pad-pro-5g-8-gb-ram-128-rom-12-1-inch-wi-fi-5g-tablet-graphite-grey/p/itm96c3c63b39052?pid=TABH32JHGNVFKTDA&lid=LSTTABH32JHGNVFKTDAMNIYYK&marketplace=FLIPKART&q=tablets&store=tyy%2Fhry&srno=s_1_3&otracker=search&fm=organic&iid=9f2af657-e3c1-4d76-bda6-3f371706a292.TABH32JHGNVFKTDA.SEARCH&ppt=pp&ppn=pp&ssid=gtxcdj8isg0000001763192698323&qH=c6411ee33ebd1dbd
38,Tablet,REDMI  Pad SE 4 GB RAM 128 GB ROM 11.0 inch with Wi-Fi Only Tablet (Mint Green),4.4,415761,993,11999,20% off,https://www.flipkart.com/redmi-pad-se-4-gb-ram-128-rom-11-0-inch-wi-fi-only-tablet-mint-green/p/itma5509f73ddb92?pid=TABHYYS9FYTCDFXZ&lid=LSTTABHYYS9FYTCDFXZNGZC7R&marketplace=FLIPKART&q=tablets&store=tyy%2Fhry&srno=s_1_4&otracker=search&fm=organic&iid=9f2af657-e3c1-4d76-bda6-3f371706a292.TABHYYS9FYTCDFXZ.SEARCH&ppt=pp&ppn=pp&ssid=gtxcdj8isg0000001763192698323&qH=c6411ee33ebd1dbd
39,Tablet,realme Pad 2 6 GB RAM 128 GB ROM 11.5 inch with 4G Tablet (Inspiration Green),4.4,435762,2773,14799,48% off,https://www.flipkart.com/realme-pad-2-6-gb-ram-128-rom-11-5-inch-4g-tablet-inspiration-green/p/itmcf4c6380eafa4?pid=TABGRGWKRZS9REGC&lid=LSTTABGRGWKRZS9REGCWPLFCC&marketplace=FLIPKART&q=tablets&store=tyy%2Fhry&srno=s_1_5&otracker=search&fm=organic&iid=9f2af657-e3c1-4d76-bda6-3f371706a292.TABGRGWKRZS9REGC.SEARCH&ppt=pp&ppn=pp&ssid=gtxcdj8isg0000001763192698323&qH=c6411ee33ebd1dbd
40,Tablet,OnePlus Pad Lite 6 GB RAM 128 GB ROM 11.0 inch with Wi-Fi Only Tablet (Aero Blue),4.4,42375,117,15999,20% off,https://www.flipkart.com/oneplus-pad-lite-6-gb-ram-128-rom-11-0-inch-wi-fi-only-tablet-aero-blue/p/itm5b2d512cb261f?pid=TABHE7YR2Y7XJHFA&lid=LSTTABHE7YR2Y7XJHFAUZXAAE&marketplace=FLIPKART&q=tablets&store=tyy%2Fhry&srno=s_1_6&otracker=search&fm=organic&iid=9f2af657-e3c1-4d76-bda6-3f371706a292.TABHE7YR2Y7XJHFA.SEARCH&ppt=pp&ppn=pp&ssid=gtxcdj8isg0000001763192698323&qH=c6411ee33ebd1dbd
41,Tablet,REDMI  Pad SE 8 GB RAM 128 GB ROM 11.0 inch with Wi-Fi Only Tablet (Graphite Gray),4.4,415761,993,12999,35% off,https://www.flipkart.com/redmi-pad-se-8-gb-ram-128-rom-11-0-inch-wi-fi-only-tablet-graphite-gray/p/itma5509f73ddb92?pid=TABHYYS9AZZW97ZU&lid=LSTTABHYYS9AZZW97ZUYRZ8LB&marketplace=FLIPKART&q=tablets&store=tyy%2Fhry&srno=s_1_7&otracker=search&fm=organic&iid=9f2af657-e3c1-4d76-bda6-3f371706a292.TABHYYS9AZZW97ZU.SEARCH&ppt=pp&ppn=pp&ssid=gtxcdj8isg0000001763192698323&qH=c6411ee33ebd1dbd
42,Tablet,Infinix XPAD LTE 4 GB RAM 128 GB ROM 11.0 inch with 4G Tablet (Frost Blue),4.4,42555,273,11999,40% off,https://www.flipkart.com/infinix-xpad-lte-4-gb-ram-128-rom-11-0-inch-4g-tablet-frost-blue/p/itm5835f0015de39?pid=TABH4FPGDGEVMEAH&lid=LSTTABH4FPGDGEVMEAHBGIW3J&marketplace=FLIPKART&q=tablets&store=tyy%2Fhry&srno=s_1_8&otracker=search&fm=organic&iid=9f2af657-e3c1-4d76-bda6-3f371706a292.TABH4FPGDGEVMEAH.SEARCH&ppt=pp&ppn=pp&ssid=gtxcdj8isg0000001763192698323&qH=c6411ee33ebd1dbd
43,Tablet,POCO Pad 5G 8 GB RAM 128 GB ROM 12.1 inch with Wi-Fi+5G Tablet (Cobalt Blue),4.4,49167,749,21999,29% off,https://www.flipkart.com/poco-pad-5g-8-gb-ram-128-rom-12-1-inch-wi-fi-5g-tablet-cobalt-blue/p/itm08b56574bfddc?pid=TABH3QBC2AGQXZ2G&lid=LSTTABH3QBC2AGQXZ2GYJ40AJ&marketplace=FLIPKART&q=tablets&store=tyy%2Fhry&srno=s_1_9&otracker=search&fm=organic&iid=9f2af657-e3c1-4d76-bda6-3f371706a292.TABH3QBC2AGQXZ2G.SEARCH&ppt=pp&ppn=pp&ssid=gtxcdj8isg0000001763192698323&qH=c6411ee33ebd1dbd
44,Tablet,Lenovo Tab P12 8 GB RAM 256 GB ROM 12.7 Inch with Wi-Fi Only Tablet (Storm Grey),4.4,41903,210,22999,45% off,https://www.flipkart.com/lenovo-tab-p12-8-gb-ram-256-rom-12-7-inch-wi-fi-only-tablet-storm-grey/p/itma6f1554f3d043?pid=TABGSGGGSCBWGGZY&lid=LSTTABGSGGGSCBWGGZYSJLYZH&marketplace=FLIPKART&q=tablets&store=tyy%2Fhry&srno=s_1_10&otracker=search&fm=organic&iid=9f2af657-e3c1-4d76-bda6-3f371706a292.TABGSGGGSCBWGGZY.SEARCH&ppt=pp&ppn=pp&ssid=gtxcdj8isg0000001763192698323&qH=c6411ee33ebd1dbd
45,Tablet,realme Pad 2 6 GB RAM 128 GB ROM 11.5 inch with 4G Tablet (Imagination Grey),4.4,435762,2773,14799,48% off,https://www.flipkart.com/realme-pad-2-6-gb-ram-128-rom-11-5-inch-4g-tablet-imagination-grey/p/itmd0b2f34105355?pid=TABGRGWKVCXZGKDZ&lid=LSTTABGRGWKVCXZGKDZS5CFGY&marketplace=FLIPKART&q=tablets&store=tyy%2Fhry&srno=s_1_11&otracker=search&fm=organic&iid=9f2af657-e3c1-4d76-bda6-3f371706a292.TABGRGWKVCXZGKDZ.SEARCH&ppt=pp&ppn=pp&ssid=gtxcdj8isg0000001763192698323&qH=c6411ee33ebd1dbd
46,Tablet,MOTOROLA Pad 60 Pro 8 GB RAM 128 GB ROM 12.7 inch with Wi-Fi Only Gaming Tablet (PANTONE Bronze Green),4.5,55349,455,27999,36% off,https://www.flipkart.com/motorola-pad-60-pro-8-gb-ram-128-rom-12-7-inch-wi-fi-only-gaming-tablet-pantone-bronze-green/p/itm32831ab5b9ce5?pid=TABHBFQAWPWBEK5C&lid=LSTTABHBFQAWPWBEK5CYHUYWN&marketplace=FLIPKART&q=tablets&store=tyy%2Fhry&srno=s_1_12&otracker=search&fm=organic&iid=9f2af657-e3c1-4d76-bda6-3f371706a292.TABHBFQAWPWBEK5C.SEARCH&ppt=pp&ppn=pp&ssid=gtxcdj8isg0000001763192698323&qH=c6411ee33ebd1dbd
47,Tablet,REDMI Pad 2 8 GB RAM 256 GB ROM 11.0 inch with Wi-Fi+4G Gaming Tablet (Graphite Grey),4.3,32370,163,17999,18% off,https://www.flipkart.com/redmi-pad-2-8-gb-ram-256-rom-11-0-inch-wi-fi-4g-gaming-tablet-graphite-grey/p/itm4545f84f7980f?pid=TABHD5QURUHZKA72&lid=LSTTABHD5QURUHZKA72O5VSWZ&marketplace=FLIPKART&q=tablets&store=tyy%2Fhry&srno=s_1_13&otracker=search&fm=organic&iid=9f2af657-e3c1-4d76-bda6-3f371706a292.TABHD5QURUHZKA72.SEARCH&ppt=pp&ppn=pp&ssid=gtxcdj8isg0000001763192698323&qH=c6411ee33ebd1dbd
48,Tablet,Samsung Galaxy Tab S9 FE 6 GB RAM 128 GB ROM 10.9 inch with Wi-Fi Only Tablet (Gray),4.5,54425,228,26999,40% off,https://www.flipkart.com/samsung-galaxy-tab-s9-fe-6-gb-ram-128-rom-10-9-inch-wi-fi-only-tablet-gray/p/itmacf5e87940ecc?pid=TABGTDU7VPTP3ATM&lid=LSTTABGTDU7VPTP3ATMHBEUKC&marketplace=FLIPKART&q=tablets&store=tyy%2Fhry&srno=s_1_14&otracker=search&fm=organic&iid=9f2af657-e3c1-4d76-bda6-3f371706a292.TABGTDU7VPTP3ATM.SEARCH&ppt=pp&ppn=pp&ssid=gtxcdj8isg0000001763192698323&qH=c6411ee33ebd1dbd
49,Tablet,REDMI  Pad SE 6 GB RAM 128 GB ROM 11.0 inch with Wi-Fi Only Tablet (Graphite Gray),4.4,415761,993,12999,23% off,https://www.flipkart.com/redmi-pad-se-6-gb-ram-128-rom-11-0-inch-wi-fi-only-tablet-graphite-gray/p/itma5509f73ddb92?pid=TABHYYS9REEG55V6&lid=LSTTABHYYS9REEG55V6EQ7KW2&marketplace=FLIPKART&q=tablets&store=tyy%2Fhry&srno=s_1_15&otracker=search&fm=organic&iid=9f2af657-e3c1-4d76-bda6-3f371706a292.TABHYYS9REEG55V6.SEARCH&ppt=pp&ppn=pp&ssid=gtxcdj8isg0000001763192698323&qH=c6411ee33ebd1dbd
50,Tablet,OnePlus Pad Lite 8 GB RAM 128 GB ROM 11.0 inch with Wi-Fi+4G Tablet (Aero Blue),4.4,42375,117,17999,28% off,https://www.flipkart.com/oneplus-pad-lite-8-gb-ram-128-rom-11-0-inch-wi-fi-4g-tablet-aero-blue/p/itm43f3d68c17625?pid=TABHE7YRF7ZTJKEA&lid=LSTTABHE7YRF7ZTJKEARF8DIJ&marketplace=FLIPKART&q=tablets&store=tyy%2Fhry&srno=s_1_16&otracker=search&fm=organic&iid=9f2af657-e3c1-4d76-bda6-3f371706a292.TABHE7YRF7ZTJKEA.SEARCH&ppt=pp&ppn=pp&ssid=gtxcdj8isg0000001763192698323&qH=c6411ee33ebd1dbd
51,Tablet,OnePlus Pad Go 8 GB RAM 128 GB ROM 11.35 inch with Wi-Fi Only Tablet (Twin Mint),4.5,523589,1457,17999,10% off,https://www.flipkart.com/oneplus-pad-go-8-gb-ram-128-rom-11-35-inch-wi-fi-only-tablet-twin-mint/p/itmc6301daa35b04?pid=TABGTHGM4J4RSBQJ&lid=LSTTABGTHGM4J4RSBQJH7FV5Q&marketplace=FLIPKART&q=tablets&store=tyy%2Fhry&srno=s_1_17&otracker=search&fm=organic&iid=9f2af657-e3c1-4d76-bda6-3f371706a292.TABGTHGM4J4RSBQJ.SEARCH&ppt=pp&ppn=pp&ssid=gtxcdj8isg0000001763192698323&qH=c6411ee33ebd1dbd
